epoch,train_loss,train_acc,val_loss,val_acc,mean_grad_norm,epoch_time_s,test_acc,test_loss
1,0.16562319,0.95334,0.16743678,0.9542,1.2787761688232422,0.6294291019439697,,
2,0.10879331,0.96932,0.12183213,0.9653,0.9928824305534363,0.681527853012085,,
3,0.44158742,0.87704,0.45360985,0.8762,0.9046794176101685,0.6847858428955078,,
4,0.09412004,0.9698,0.124993935,0.9604,0.8457298278808594,0.7069151401519775,,
5,0.22331062,0.93548,0.2832047,0.9263,0.7866089344024658,0.9521081447601318,,
6,0.043381773,0.98838,0.08556111,0.9742,0.7279804348945618,0.728553056716919,,
7,0.043293297,0.98676,0.08992828,0.9743,0.6777123808860779,0.8490419387817383,,
8,0.026326215,0.99362,0.07986374,0.977,0.6057568192481995,0.7403650283813477,,
9,0.020123715,0.99532,0.07385984,0.9787,0.5705084800720215,0.8002297878265381,,
10,0.01625458,0.99676,0.07439916,0.9789,0.5075134634971619,0.7899987697601318,,
11,0.013212602,0.99758,0.076912664,0.9798,0.45014411211013794,0.8607738018035889,,
12,0.052196782,0.98382,0.13033804,0.9634,0.40370088815689087,0.8482811450958252,,
13,0.009820564,0.9984,0.07764569,0.9787,0.33052676916122437,0.775399923324585,,
14,0.0075820237,0.99898,0.079471536,0.9786,0.2827620506286621,0.7241320610046387,,
15,0.00509128,0.99966,0.0774917,0.98,0.25470614433288574,0.718966007232666,,
16,0.0039962004,0.99974,0.07522126,0.9801,0.21776676177978516,0.7575111389160156,,
17,0.003973487,0.99982,0.08042275,0.9799,0.18389131128787994,0.7908990383148193,,
18,0.0031526987,0.99996,0.07907903,0.9804,0.14567412436008453,0.9224839210510254,,
19,0.0031685224,0.9999,0.08183933,0.9799,0.13200445473194122,0.759040117263794,,
20,0.002316161,0.99998,0.080045894,0.9802,0.11170071363449097,0.7404940128326416,0.9806,0.07023997
