dataset,method,seed,frac,n_train,epochs,final_test_acc,best_val_test_acc
mnist,bp,0,0.02,1000,500,0.8999999761581421,0.9002000093460083
mnist,bp,1,0.02,1000,500,0.8935999870300293,0.8945000171661377
mnist,fa,0,0.02,1000,500,0.8712000250816345,0.8711000084877014
mnist,fa,1,0.02,1000,500,0.8611000180244446,0.8611000180244446
mnist,dfa,0,0.02,1000,500,0.8765000104904175,0.8765000104904175
mnist,dfa,1,0.02,1000,500,0.8619999885559082,0.8619999885559082
mnist,dtp,0,0.02,1000,500,0.8817999958992004,0.8822000026702881
mnist,dtp,1,0.02,1000,500,0.8838000297546387,0.8831999897956848
mnist,ff,0,0.02,1000,500,0.8511999845504761,0.8511999845504761
mnist,ff,1,0.02,1000,500,0.8532999753952026,0.8543999791145325
mnist,eqprop,0,0.02,1000,500,0.8870000243186951,0.8870000243186951
mnist,eqprop,1,0.02,1000,500,0.8986999988555908,0.8996000289916992
mnist,spsa,0,0.02,1000,500,0.8575999736785889,0.8575999736785889
mnist,spsa,1,0.02,1000,500,0.859499990940094,0.8596000075340271
mnist,bp,0,0.1,5000,100,0.9505000114440918,0.9505000114440918
mnist,bp,1,0.1,5000,100,0.9506999850273132,0.9509000182151794
mnist,fa,0,0.1,5000,100,0.9312000274658203,0.930400013923645
mnist,fa,1,0.1,5000,100,0.9258999824523926,0.9254000186920166
mnist,dfa,0,0.1,5000,100,0.9273999929428101,0.9272000193595886
mnist,dfa,1,0.1,5000,100,0.9225000143051147,0.9222000241279602
mnist,dtp,0,0.1,5000,100,0.927299976348877,0.9269999861717224
mnist,dtp,1,0.1,5000,100,0.9348000288009644,0.9352999925613403
mnist,ff,0,0.1,5000,100,0.9104999899864197,0.9104999899864197
mnist,ff,1,0.1,5000,100,0.9104999899864197,0.9104999899864197
mnist,eqprop,0,0.1,5000,100,0.9452000260353088,0.9452000260353088
mnist,eqprop,1,0.1,5000,100,0.9430999755859375,0.9394000172615051
mnist,spsa,0,0.1,5000,100,0.8828999996185303,0.8820000290870667
mnist,spsa,1,0.1,5000,100,0.8820000290870667,0.8817999958992004
mnist,bp,0,0.5,25000,20,0.9787999987602234,0.9787999987602234
mnist,bp,1,0.5,25000,20,0.977400004863739,0.9771000146865845
mnist,fa,0,0.5,25000,20,0.9660000205039978,0.9660000205039978
mnist,fa,1,0.5,25000,20,0.9642999768257141,0.9641000032424927
mnist,dfa,0,0.5,25000,20,0.9639999866485596,0.9635999798774719
mnist,dfa,1,0.5,25000,20,0.9595999717712402,0.9595999717712402
mnist,dtp,0,0.5,25000,20,0.9578999876976013,0.9567000269889832
mnist,dtp,1,0.5,25000,20,0.9610000252723694,0.9610000252723694
mnist,ff,0,0.5,25000,20,0.9293000102043152,0.9294999837875366
mnist,ff,1,0.5,25000,20,0.9322999715805054,0.9316999912261963
mnist,eqprop,0,0.5,25000,20,0.974399983882904,0.9754999876022339
mnist,eqprop,1,0.5,25000,20,0.9750000238418579,0.9746999740600586
mnist,spsa,0,0.5,25000,20,0.8878999948501587,0.8878999948501587
mnist,spsa,1,0.5,25000,20,0.885200023651123,0.8841999769210815
mnist,bp,0,1.0,50000,10,0.9833999872207642,0.9833999872207642
mnist,bp,1,1.0,50000,10,0.9847999811172485,0.9842000007629395
mnist,fa,0,1.0,50000,10,0.9706000089645386,0.9706000089645386
mnist,fa,1,1.0,50000,10,0.9642999768257141,0.963699996471405
mnist,dfa,0,1.0,50000,10,0.9696999788284302,0.9696999788284302
mnist,dfa,1,1.0,50000,10,0.9663000106811523,0.9660999774932861
mnist,dtp,0,1.0,50000,10,0.9599000215530396,0.9599000215530396
mnist,dtp,1,1.0,50000,10,0.9610000252723694,0.9610000252723694
mnist,ff,0,1.0,50000,10,0.9348999857902527,0.9348999857902527
mnist,ff,1,1.0,50000,10,0.9333000183105469,0.9332000017166138
mnist,eqprop,0,1.0,50000,10,0.9793999791145325,0.9794999957084656
mnist,eqprop,1,1.0,50000,10,0.9807000160217285,0.9803000092506409
mnist,spsa,0,1.0,50000,10,0.888700008392334,0.888700008392334
mnist,spsa,1,1.0,50000,10,0.8859000205993652,0.8859000205993652
