method,seed,epoch,n_params,train_acc,val_acc,test_acc,epoch_time_s,cum_time_s,cum_macs,macs_per_sample,cos_all,cos_l0,cos_l1,cos_l2,dataset,depth,width,cos_l3,cos_l4,cos_l5,cos_l6
bp,0,0,269322,0.06849999725818634,0.0625,0.0640999972820282,0.0,0.0,0,0.0,1.0000132322311401,1.0000121593475342,1.0000022649765015,1.0,mnist,2,256,,,,
bp,0,1,269322,0.9715999960899353,0.9659000039100647,0.9671000242233276,1.2749083042144775,1.2749083042144775,30284800000,605696.0,1.000005841255188,1.0000059604644775,1.0000028610229492,0.9999998211860657,mnist,2,256,,,,
bp,0,2,269322,0.975600004196167,0.9653000235557556,0.9641000032424927,1.3229427337646484,2.597851037979126,60569600000,605696.0,1.0000081062316895,1.0000077486038208,1.0000025033950806,0.9999998211860657,mnist,2,256,,,,
bp,0,3,269322,0.9900000095367432,0.9761000275611877,0.9771000146865845,1.6759631633758545,4.2738142013549805,90854400000,605696.0,1.0000090599060059,1.0000077486038208,1.0000028610229492,1.000000238418579,mnist,2,256,,,,
bp,0,4,269322,0.9943000078201294,0.9775000214576721,0.9778000116348267,1.6783039569854736,5.952118158340454,121139200000,605696.0,1.000008463859558,1.0000073909759521,1.0000032186508179,0.9999998211860657,mnist,2,256,,,,
bp,0,5,269322,0.9987999796867371,0.9804999828338623,0.982200026512146,1.7873291969299316,7.739447355270386,151424000000,605696.0,1.0000110864639282,1.0000088214874268,1.000002145767212,1.0000001192092896,mnist,2,256,,,,
bp,0,6,269322,0.9997000098228455,0.9812999963760376,0.9829999804496765,1.6042194366455078,9.343666791915894,181708800000,605696.0,1.0000090599060059,1.0000073909759521,1.0000026226043701,0.9999998211860657,mnist,2,256,,,,
bp,0,7,269322,0.9998999834060669,0.9811999797821045,0.9830999970436096,1.6368958950042725,10.980562686920166,211993600000,605696.0,1.0000087022781372,1.0000085830688477,1.0000026226043701,1.0000001192092896,mnist,2,256,,,,
bp,0,8,269322,0.9998999834060669,0.9812999963760376,0.9833999872207642,1.7424914836883545,12.72305417060852,242278400000,605696.0,1.0000107288360596,1.0000081062316895,1.0000022649765015,1.0,mnist,2,256,,,,
bp,1,0,269322,0.08020000159740448,0.08049999922513962,0.07729999721050262,0.0,0.0,0,0.0,1.0000114440917969,1.0000097751617432,1.0000019073486328,1.0000001192092896,mnist,2,256,,,,
bp,1,1,269322,0.968999981880188,0.9659000039100647,0.9624000191688538,1.2227413654327393,1.2227413654327393,30284800000,605696.0,1.0000061988830566,1.0000053644180298,1.0000027418136597,0.9999999403953552,mnist,2,256,,,,
bp,1,2,269322,0.9782000184059143,0.9672999978065491,0.9688000082969666,1.3132853507995605,2.5360267162323,60569600000,605696.0,1.000004768371582,1.0000057220458984,1.0000015497207642,1.000000238418579,mnist,2,256,,,,
bp,1,3,269322,0.9896000027656555,0.9749000072479248,0.9779000282287598,1.5468974113464355,4.082924127578735,90854400000,605696.0,1.0000079870224,1.0000065565109253,1.0000016689300537,1.0000001192092896,mnist,2,256,,,,
bp,1,4,269322,0.9932000041007996,0.9778000116348267,0.9768999814987183,1.5168745517730713,5.599798679351807,121139200000,605696.0,1.0000079870224,1.0000070333480835,1.000003457069397,1.0000001192092896,mnist,2,256,,,,
bp,1,5,269322,0.9980000257492065,0.9814000129699707,0.9815000295639038,1.664125680923462,7.2639243602752686,151424000000,605696.0,1.00001060962677,1.0000079870224,1.0000029802322388,1.000000238418579,mnist,2,256,,,,
bp,1,6,269322,0.9998000264167786,0.9828000068664551,0.9828000068664551,1.6654424667358398,8.929366827011108,181708800000,605696.0,1.0000107288360596,1.0000087022781372,1.0000028610229492,1.0,mnist,2,256,,,,
bp,1,7,269322,1.0,0.9822999835014343,0.9832000136375427,1.7842609882354736,10.713627815246582,211993600000,605696.0,1.0000096559524536,1.0000075101852417,1.0000026226043701,0.9999998807907104,mnist,2,256,,,,
bp,1,8,269322,1.0,0.9824000000953674,0.9832000136375427,1.7764787673950195,12.490106582641602,242278400000,605696.0,1.0000096559524536,1.0000079870224,1.0000020265579224,0.9999998807907104,mnist,2,256,,,,
fa,0,0,269322,0.06849999725818634,0.0625,0.0640999972820282,0.0,0.0,0,0.0,0.17135541141033173,-0.026925809681415558,-0.0005523517029359937,1.0,mnist,2,256,,,,
fa,0,1,269322,0.8877000212669373,0.8973000049591064,0.8916000127792358,1.2999441623687744,1.2999441623687744,30284800000,605696.0,0.9292799830436707,0.39695051312446594,0.1403093785047531,1.0,mnist,2,256,,,,
fa,0,2,269322,0.9297000169754028,0.9352999925613403,0.9276999831199646,1.3135120868682861,2.6134562492370605,60569600000,605696.0,0.9387146830558777,0.4666498601436615,0.1675809919834137,1.0000001192092896,mnist,2,256,,,,
fa,0,3,269322,0.9571999907493591,0.9567000269889832,0.9526000022888184,1.676164150238037,4.289620399475098,90854400000,605696.0,0.9420508742332458,0.414651483297348,0.22244523465633392,1.000000238418579,mnist,2,256,,,,
fa,0,4,269322,0.9401000142097473,0.9437000155448914,0.9394999742507935,1.6315727233886719,5.9211931228637695,121139200000,605696.0,0.9422702789306641,0.30998238921165466,0.1199236810207367,0.9999998807907104,mnist,2,256,,,,
fa,0,5,269322,0.9708999991416931,0.9674999713897705,0.9656999707221985,1.6251556873321533,7.546348810195923,151424000000,605696.0,0.9318540692329407,0.4234931170940399,0.20124590396881104,1.0,mnist,2,256,,,,
fa,0,6,269322,0.9763000011444092,0.9686999917030334,0.9659000039100647,1.7476515769958496,9.294000387191772,181708800000,605696.0,0.9472783207893372,0.3992230296134949,0.22403129935264587,1.0,mnist,2,256,,,,
fa,0,7,269322,0.9815999865531921,0.9713000059127808,0.9725000262260437,1.7107062339782715,11.004706621170044,211993600000,605696.0,0.9407601356506348,0.3573070466518402,0.19063082337379456,0.9999999403953552,mnist,2,256,,,,
fa,0,8,269322,0.9825999736785889,0.9724000096321106,0.9724000096321106,1.6639599800109863,12.66866660118103,242278400000,605696.0,0.9392349720001221,0.3304591774940491,0.1615092009305954,1.0000001192092896,mnist,2,256,,,,
fa,1,0,269322,0.08020000159740448,0.08049999922513962,0.07729999721050262,0.0,0.0,0,0.0,0.24313586950302124,-0.03889027237892151,-0.009816737845540047,1.0000001192092896,mnist,2,256,,,,
fa,1,1,269322,0.9135000109672546,0.9232000112533569,0.9154000282287598,1.2046587467193604,1.2046587467193604,30284800000,605696.0,0.9115225076675415,0.3269394636154175,0.08913581818342209,1.0000001192092896,mnist,2,256,,,,
fa,1,2,269322,0.9305999875068665,0.9375,0.9319000244140625,1.3386054039001465,2.543264150619507,60569600000,605696.0,0.9354769587516785,0.35396847128868103,0.17443589866161346,1.000000238418579,mnist,2,256,,,,
fa,1,3,269322,0.9577000141143799,0.9557999968528748,0.9545999765396118,1.7210025787353516,4.264266729354858,90854400000,605696.0,0.9253257513046265,0.3550800383090973,0.1658811718225479,1.0000001192092896,mnist,2,256,,,,
fa,1,4,269322,0.9657999873161316,0.9611999988555908,0.9587000012397766,1.7671372890472412,6.0314040184021,121139200000,605696.0,0.9213804006576538,0.37130287289619446,0.19953228533267975,1.0000001192092896,mnist,2,256,,,,
fa,1,5,269322,0.964900016784668,0.9577000141143799,0.958299994468689,1.740314245223999,7.771718263626099,151424000000,605696.0,0.9406445622444153,0.3919733464717865,0.18433770537376404,0.9999998211860657,mnist,2,256,,,,
fa,1,6,269322,0.9771000146865845,0.9661999940872192,0.9682999849319458,1.7431166172027588,9.514834880828857,181708800000,605696.0,0.9409049153327942,0.38810473680496216,0.24432364106178284,1.0,mnist,2,256,,,,
fa,1,7,269322,0.9815000295639038,0.9695000052452087,0.9686999917030334,1.7434968948364258,11.258331775665283,211993600000,605696.0,0.9150322079658508,0.3327926695346832,0.13840505480766296,0.9999998807907104,mnist,2,256,,,,
fa,1,8,269322,0.9829999804496765,0.9710000157356262,0.9695000052452087,1.6666088104248047,12.924940586090088,242278400000,605696.0,0.9260720610618591,0.35750284790992737,0.20879623293876648,0.9999999403953552,mnist,2,256,,,,
dfa,0,0,269322,0.06849999725818634,0.0625,0.0640999972820282,0.0,0.0,0,0.0,0.07140299677848816,0.017002515494823456,0.03344174474477768,1.0,mnist,2,256,,,,
dfa,0,1,269322,0.8944000005722046,0.9014000296592712,0.8934000134468079,1.217165231704712,1.217165231704712,27136000000,542720.0,0.7085537314414978,0.27591434121131897,0.014690803363919258,1.0,mnist,2,256,,,,
dfa,0,2,269322,0.9217000007629395,0.9244999885559082,0.9208999872207642,1.2397100925445557,2.4568753242492676,54272000000,542720.0,0.7579797506332397,0.4405025839805603,0.2306545227766037,0.9999998807907104,mnist,2,256,,,,
dfa,0,3,269322,0.9567999839782715,0.9563999772071838,0.9528999924659729,1.628535509109497,4.085410833358765,81408000000,542720.0,0.7336291074752808,0.5037357807159424,0.16366492211818695,0.9999998211860657,mnist,2,256,,,,
dfa,0,4,269322,0.9472000002861023,0.947700023651123,0.9455999732017517,1.605154275894165,5.69056510925293,108544000000,542720.0,0.7273968458175659,0.4343606233596802,0.132338285446167,1.000000238418579,mnist,2,256,,,,
dfa,0,5,269322,0.9743000268936157,0.9661999940872192,0.9653000235557556,1.618924617767334,7.309489727020264,135680000000,542720.0,0.711604654788971,0.4525880515575409,0.207326740026474,0.9999999403953552,mnist,2,256,,,,
dfa,0,6,269322,0.9775000214576721,0.9682000279426575,0.9689000248908997,1.5358033180236816,8.845293045043945,162816000000,542720.0,0.7112231850624084,0.5032716989517212,0.21236804127693176,1.0000001192092896,mnist,2,256,,,,
dfa,0,7,269322,0.9837999939918518,0.9714000225067139,0.9708999991416931,1.5693230628967285,10.414616107940674,189952000000,542720.0,0.6789813041687012,0.4773585796356201,0.2020595669746399,0.9999998807907104,mnist,2,256,,,,
dfa,0,8,269322,0.9842000007629395,0.9714000225067139,0.972100019454956,1.509354829788208,11.923970937728882,217088000000,542720.0,0.6946144104003906,0.42295825481414795,0.1752290576696396,1.0000001192092896,mnist,2,256,,,,
dfa,1,0,269322,0.08020000159740448,0.08049999922513962,0.07729999721050262,0.0,0.0,0,0.0,0.03917752578854561,-0.03293362632393837,-0.07745075970888138,1.0000001192092896,mnist,2,256,,,,
dfa,1,1,269322,0.9068999886512756,0.9162999987602234,0.9086999893188477,1.1883265972137451,1.1883265972137451,27136000000,542720.0,0.7148662805557251,0.47708556056022644,0.14549681544303894,1.0,mnist,2,256,,,,
dfa,1,2,269322,0.932200014591217,0.9361000061035156,0.9309999942779541,1.2386572360992432,2.4269838333129883,54272000000,542720.0,0.7313366532325745,0.5491130948066711,0.2593160569667816,1.0,mnist,2,256,,,,
dfa,1,3,269322,0.9552000164985657,0.9560999870300293,0.9559000134468079,1.6765282154083252,4.1035120487213135,81408000000,542720.0,0.712226927280426,0.5622353553771973,0.20830518007278442,1.0,mnist,2,256,,,,
dfa,1,4,269322,0.9700999855995178,0.9652000069618225,0.9631999731063843,1.6985588073730469,5.80207085609436,108544000000,542720.0,0.7115699648857117,0.5108576416969299,0.21776051819324493,1.0000001192092896,mnist,2,256,,,,
dfa,1,5,269322,0.9656000137329102,0.9563999772071838,0.9559000134468079,1.7053420543670654,7.507412910461426,135680000000,542720.0,0.7195759415626526,0.40198442339897156,0.16222208738327026,0.9999999403953552,mnist,2,256,,,,
dfa,1,6,269322,0.9799000024795532,0.9706000089645386,0.9686999917030334,1.6194219589233398,9.126834869384766,162816000000,542720.0,0.682709813117981,0.3670903146266937,0.1126093938946724,1.0,mnist,2,256,,,,
dfa,1,7,269322,0.9835000038146973,0.9733999967575073,0.9718000292778015,1.6875762939453125,10.814411163330078,189952000000,542720.0,0.7002372145652771,0.4495372474193573,0.1680883914232254,1.0,mnist,2,256,,,,
dfa,1,8,269322,0.9846000075340271,0.9739999771118164,0.9711999893188477,1.6238172054290771,12.438228368759155,217088000000,542720.0,0.6353351473808289,0.4430108070373535,0.13756416738033295,1.0000001192092896,mnist,2,256,,,,
dtp,0,0,335114,0.09809999912977219,0.09910000115633011,0.10509999841451645,0.0,0.0,0,0.0,0.4410187602043152,0.04187649115920067,1.0000004768371582,1.0000001192092896,mnist,2,256,,,,
dtp,0,1,335114,0.8895000219345093,0.9020000100135803,0.8903999924659729,1.7539665699005127,1.7539665699005127,43392000000,867840.0,0.8489362597465515,0.6388627886772156,1.000003695487976,1.0000001192092896,mnist,2,256,,,,
dtp,0,2,335114,0.9085999727249146,0.9211000204086304,0.9093000292778015,1.7151896953582764,3.469156265258789,86784000000,867840.0,0.8958958387374878,0.5739488005638123,1.0000035762786865,1.0000003576278687,mnist,2,256,,,,
dtp,0,3,335114,0.9254000186920166,0.9297000169754028,0.9264000058174133,1.7521452903747559,5.221301555633545,130176000000,867840.0,0.8802993297576904,0.3608386814594269,1.0000026226043701,0.9999998807907104,mnist,2,256,,,,
dtp,0,4,335114,0.9276999831199646,0.9375,0.9283000230789185,1.8283348083496094,7.049636363983154,173568000000,867840.0,0.9034181237220764,0.3594529330730438,1.0000038146972656,0.9999999403953552,mnist,2,256,,,,
dtp,0,5,335114,0.9459999799728394,0.9465000033378601,0.9412000179290771,1.9825875759124756,9.03222393989563,216960000000,867840.0,0.8481012582778931,0.2792225480079651,1.0000019073486328,0.9999995231628418,mnist,2,256,,,,
dtp,0,6,335114,0.9545999765396118,0.9521999955177307,0.9509000182151794,2.0030665397644043,11.035290479660034,260352000000,867840.0,0.658585250377655,0.2648356854915619,1.0000032186508179,0.9999996423721313,mnist,2,256,,,,
dtp,0,7,335114,0.9585000276565552,0.954200029373169,0.9528999924659729,2.1763057708740234,13.211596250534058,303744000000,867840.0,0.8359503149986267,0.18195386230945587,1.0000020265579224,0.9999997615814209,mnist,2,256,,,,
dtp,0,8,335114,0.9614999890327454,0.9555000066757202,0.9545000195503235,2.042915105819702,15.25451135635376,347136000000,867840.0,0.8158926367759705,0.20813679695129395,1.000003457069397,1.0,mnist,2,256,,,,
dtp,1,0,335114,0.1054999977350235,0.11479999870061874,0.11069999635219574,0.0,0.0,0,0.0,0.4426804780960083,-0.03481899946928024,1.0000008344650269,1.000000238418579,mnist,2,256,,,,
dtp,1,1,335114,0.9065999984741211,0.9092000126838684,0.9125000238418579,1.7520170211791992,1.7520170211791992,43392000000,867840.0,0.871288537979126,0.6051901578903198,1.000002384185791,1.0000001192092896,mnist,2,256,,,,
dtp,1,2,335114,0.9117000102996826,0.9169999957084656,0.9142000079154968,1.7125916481018066,3.464608669281006,86784000000,867840.0,0.8628447651863098,0.4483973979949951,1.0000026226043701,1.0,mnist,2,256,,,,
dtp,1,3,335114,0.9294000267982483,0.9291999936103821,0.9241999983787537,1.786806583404541,5.251415252685547,130176000000,867840.0,0.8611480593681335,0.4468764066696167,1.000004529953003,1.0000001192092896,mnist,2,256,,,,
dtp,1,4,335114,0.9401000142097473,0.9419000148773193,0.939300000667572,1.8904292583465576,7.1418445110321045,173568000000,867840.0,0.7792983651161194,0.3012511432170868,1.000002145767212,0.9999997615814209,mnist,2,256,,,,
dtp,1,5,335114,0.9358999729156494,0.9423999786376953,0.9354000091552734,2.1894795894622803,9.331324100494385,216960000000,867840.0,0.9037848114967346,0.31947794556617737,1.0000039339065552,1.0,mnist,2,256,,,,
dtp,1,6,335114,0.9545000195503235,0.9508000016212463,0.948199987411499,2.069688558578491,11.401012659072876,260352000000,867840.0,0.7955350279808044,0.24374747276306152,1.0000033378601074,1.0000001192092896,mnist,2,256,,,,
dtp,1,7,335114,0.9607999920845032,0.9563999772071838,0.9545000195503235,2.0012640953063965,13.402276754379272,303744000000,867840.0,0.7616618871688843,0.2586109936237335,1.0000033378601074,0.9999998807907104,mnist,2,256,,,,
dtp,1,8,335114,0.9611999988555908,0.9563000202178955,0.9538999795913696,1.9135942459106445,15.315871000289917,347136000000,867840.0,0.7575316429138184,0.24677087366580963,1.0000026226043701,1.0000001192092896,mnist,2,256,,,,
eqprop,0,0,269322,0.06719999760389328,0.06300000101327896,0.0632999986410141,0.0,0.0,0,0.0,0.5271144509315491,0.6480987668037415,0.5376859903335571,0.4615638852119446,mnist,2,256,,,,
eqprop,0,1,269322,0.9591000080108643,0.9606999754905701,0.9569000005722046,14.693355798721313,14.693355798721313,882560000000,17651200.0,0.8619155287742615,0.8272815346717834,0.895573616027832,0.9523237347602844,mnist,2,256,,,,
eqprop,0,2,269322,0.9679999947547913,0.96670001745224,0.9591000080108643,15.753174066543579,30.446529865264893,1765120000000,17651200.0,0.8894839882850647,0.8748531341552734,0.9126275777816772,0.9665148854255676,mnist,2,256,,,,
eqprop,0,3,269322,0.9768999814987183,0.9693999886512756,0.972000002861023,15.646503925323486,46.09303379058838,2647680000000,17651200.0,0.890765368938446,0.9057338237762451,0.9021986722946167,0.9226537346839905,mnist,2,256,,,,
eqprop,0,4,269322,0.9866999983787537,0.9746000170707703,0.9746000170707703,15.651791334152222,61.7448251247406,3530240000000,17651200.0,0.7979021668434143,0.7542484402656555,0.8672295808792114,0.9046109318733215,mnist,2,256,,,,
eqprop,0,5,269322,0.9878000020980835,0.9746999740600586,0.975600004196167,21.200857877731323,82.94568300247192,4412800000000,17651200.0,0.4880349338054657,0.4965932369232178,0.5128865838050842,0.647178053855896,mnist,2,256,,,,
eqprop,0,6,269322,0.9926999807357788,0.9764999747276306,0.9778000116348267,16.64411234855652,99.58979535102844,5295360000000,17651200.0,0.9083537459373474,0.9180583953857422,0.9199458956718445,0.9069373607635498,mnist,2,256,,,,
eqprop,0,7,269322,0.9940999746322632,0.978600025177002,0.9799000024795532,384.55915689468384,484.1489522457123,6177920000000,17651200.0,0.708457350730896,0.6746145486831665,0.7020750641822815,0.8254227638244629,mnist,2,256,,,,
eqprop,0,8,269322,0.9943000078201294,0.9781000018119812,0.9797000288963318,378.7617483139038,862.9107005596161,7060480000000,17651200.0,0.7165601253509521,0.693614661693573,0.7227052450180054,0.8315189480781555,mnist,2,256,,,,
eqprop,1,0,269322,0.07829999923706055,0.07970000058412552,0.07680000364780426,0.0,0.0,0,0.0,0.5717111825942993,0.6394093036651611,0.5305591821670532,0.5692004561424255,mnist,2,256,,,,
eqprop,1,1,269322,0.9599000215530396,0.9585999846458435,0.9567999839782715,637.4280667304993,637.4280667304993,882560000000,17651200.0,0.9472724795341492,0.9552165269851685,0.9565261602401733,0.9668377637863159,mnist,2,256,,,,
eqprop,1,2,269322,0.9751999974250793,0.968500018119812,0.9650999903678894,16.034419059753418,653.4624857902527,1765120000000,17651200.0,0.9185835123062134,0.9269102811813354,0.9261287450790405,0.9664480090141296,mnist,2,256,,,,
eqprop,1,3,269322,0.9821000099182129,0.9715999960899353,0.9704999923706055,15.778632402420044,669.2411181926727,2647680000000,17651200.0,0.9254044890403748,0.8866663575172424,0.955817461013794,0.970262348651886,mnist,2,256,,,,
eqprop,1,4,269322,0.9836999773979187,0.9735999703407288,0.972100019454956,15.644461631774902,684.8855798244476,3530240000000,17651200.0,0.847000777721405,0.861485481262207,0.8694340586662292,0.894923985004425,mnist,2,256,,,,
eqprop,1,5,269322,0.9901000261306763,0.9768000245094299,0.9767000079154968,16.066682815551758,700.9522626399994,4412800000000,17651200.0,0.814814031124115,0.8425045609474182,0.8297173380851746,0.8975521922111511,mnist,2,256,,,,
eqprop,1,6,269322,0.9934999942779541,0.9782999753952026,0.9783999919891357,16.792393445968628,717.744656085968,5295360000000,17651200.0,0.8622297644615173,0.859759509563446,0.8771367073059082,0.874406099319458,mnist,2,256,,,,
eqprop,1,7,269322,0.9947999715805054,0.9797999858856201,0.9793999791145325,16.059288263320923,733.8039443492889,6177920000000,17651200.0,0.915287971496582,0.9389874935150146,0.922320544719696,0.9029171466827393,mnist,2,256,,,,
eqprop,1,8,269322,0.9948999881744385,0.979200005531311,0.9793000221252441,16.25357747077942,750.0575218200684,7060480000000,17651200.0,0.8953670263290405,0.8980932831764221,0.9089692831039429,0.9080243110656738,mnist,2,256,,,,
bp,0,0,335114,0.08219999819993973,0.07639999687671661,0.08479999750852585,0.0,0.0,0,0.0,1.0000168085098267,1.0000100135803223,1.000001311302185,1.0000032186508179,mnist,3,256,1.0,,,
bp,0,1,335114,0.9661999940872192,0.9621999859809875,0.9632999897003174,1.5334584712982178,1.5334584712982178,40115200000,802304.0,1.000008463859558,1.0000038146972656,1.0000030994415283,1.000002145767212,mnist,3,256,0.9999998807907104,,,
bp,0,2,335114,0.975600004196167,0.9682999849319458,0.96670001745224,1.7110860347747803,3.244544506072998,80230400000,802304.0,1.0000120401382446,1.0000061988830566,1.0000033378601074,1.0000019073486328,mnist,3,256,1.0000001192092896,,,
bp,0,3,335114,0.9882000088691711,0.9728999733924866,0.9732000231742859,1.9693217277526855,5.213866233825684,120345600000,802304.0,1.000014305114746,1.0000070333480835,1.000003457069397,1.0000025033950806,mnist,3,256,1.0000001192092896,,,
bp,0,4,335114,0.9941999912261963,0.977400004863739,0.979200005531311,2.031346082687378,7.2452123165130615,160460800000,802304.0,1.0000195503234863,1.0000076293945312,1.0000040531158447,1.0000022649765015,mnist,3,256,1.0000001192092896,,,
bp,0,5,335114,0.9973999857902527,0.9797000288963318,0.980400025844574,2.092926502227783,9.338138818740845,200576000000,802304.0,1.000017523765564,1.0000072717666626,1.0000033378601074,1.0000032186508179,mnist,3,256,1.0,,,
bp,0,6,335114,0.9994000196456909,0.9800999760627747,0.9815000295639038,2.3335914611816406,11.671730279922485,240691200000,802304.0,1.0000230073928833,1.0000096559524536,1.0000029802322388,1.000003457069397,mnist,3,256,1.0000001192092896,,,
bp,0,7,335114,0.9997000098228455,0.9812999963760376,0.9830999970436096,2.265829086303711,13.937559366226196,280806400000,802304.0,1.000012993812561,1.0000072717666626,1.0000030994415283,1.0000028610229492,mnist,3,256,1.000000238418579,,,
bp,0,8,335114,0.9997000098228455,0.9815000295639038,0.9828000068664551,2.3790132999420166,16.316572666168213,320921600000,802304.0,1.0000137090682983,1.0000065565109253,1.0000028610229492,1.0000030994415283,mnist,3,256,1.000000238418579,,,
bp,1,0,335114,0.1257999986410141,0.12960000336170197,0.1298999935388565,0.0,0.0,0,0.0,1.0000154972076416,1.0000096559524536,1.000002145767212,1.0000041723251343,mnist,3,256,1.0000001192092896,,,
bp,1,1,335114,0.9706000089645386,0.9660999774932861,0.9642000198364258,1.5722484588623047,1.5722484588623047,40115200000,802304.0,1.0000113248825073,1.0000050067901611,1.000002145767212,1.000002384185791,mnist,3,256,1.0,,,
bp,1,2,335114,0.9747999906539917,0.9648000001907349,0.9653000235557556,1.6439709663391113,3.216219425201416,80230400000,802304.0,1.0000098943710327,1.0000056028366089,1.0000025033950806,1.0000026226043701,mnist,3,256,1.0000001192092896,,,
bp,1,3,335114,0.982699990272522,0.9708999991416931,0.9688000082969666,2.0165915489196777,5.232810974121094,120345600000,802304.0,1.0000126361846924,1.0000076293945312,1.0000030994415283,1.0000035762786865,mnist,3,256,1.0000001192092896,,,
bp,1,4,335114,0.991100013256073,0.9771999716758728,0.9764999747276306,2.0022192001342773,7.235030174255371,160460800000,802304.0,1.000011920928955,1.000006079673767,1.0000030994415283,1.0000038146972656,mnist,3,256,1.0,,,
bp,1,5,335114,0.9970999956130981,0.9800999760627747,0.9804999828338623,2.03063702583313,9.265667200088501,200576000000,802304.0,1.0000264644622803,1.0000091791152954,1.0000028610229492,1.0000039339065552,mnist,3,256,1.0000001192092896,,,
bp,1,6,335114,0.9994999766349792,0.9814000129699707,0.9821000099182129,2.101193428039551,11.366860628128052,240691200000,802304.0,1.0000208616256714,1.000005841255188,1.0000032186508179,1.0000020265579224,mnist,3,256,1.0000001192092896,,,
bp,1,7,335114,0.9998999834060669,0.9822999835014343,0.9833999872207642,2.1001875400543213,13.467048168182373,280806400000,802304.0,1.0000160932540894,1.0000056028366089,1.0000039339065552,1.000002384185791,mnist,3,256,1.0,,,
bp,1,8,335114,0.9998999834060669,0.982200026512146,0.9835000038146973,2.1915252208709717,15.658573389053345,320921600000,802304.0,1.000016689300537,1.0000061988830566,1.0000044107437134,1.0000028610229492,mnist,3,256,0.9999998807907104,,,
fa,0,0,335114,0.08219999819993973,0.07639999687671661,0.08479999750852585,0.0,0.0,0,0.0,0.16219700872898102,-0.04166422039270401,0.028832755982875824,0.07044553756713867,mnist,3,256,1.0,,,
fa,0,1,335114,0.8870999813079834,0.897599995136261,0.89410001039505,2.2233641147613525,2.2233641147613525,40115200000,802304.0,0.930963397026062,0.4460022449493408,0.26329776644706726,0.03714524954557419,mnist,3,256,1.0000001192092896,,,
fa,0,2,335114,0.8920000195503235,0.8998000025749207,0.8938999772071838,3.308377742767334,5.5317418575286865,80230400000,802304.0,0.9319714903831482,0.519700288772583,0.33842238783836365,0.06933490186929703,mnist,3,256,0.9999998807907104,,,
fa,0,3,335114,0.9277999997138977,0.9322999715805054,0.9322999715805054,4.788483142852783,10.32022500038147,120345600000,802304.0,0.9461689591407776,0.49866536259651184,0.3644562363624573,0.08062034100294113,mnist,3,256,0.9999998211860657,,,
fa,0,4,335114,0.9063000082969666,0.9129999876022339,0.9082000255584717,4.775649547576904,15.095874547958374,160460800000,802304.0,0.9270537495613098,0.5290860533714294,0.32901543378829956,0.016526978462934494,mnist,3,256,1.0000001192092896,,,
fa,0,5,335114,0.9348000288009644,0.9394999742507935,0.9358999729156494,4.586001634597778,19.681876182556152,200576000000,802304.0,0.9475016593933105,0.4840087890625,0.25503480434417725,-0.03281882405281067,mnist,3,256,1.0000001192092896,,,
fa,0,6,335114,0.9516000151634216,0.9510999917984009,0.9491000175476074,4.008521795272827,23.69039797782898,240691200000,802304.0,0.9455764889717102,0.47971922159194946,0.3073873817920685,-0.044356878846883774,mnist,3,256,1.0,,,
fa,0,7,335114,0.954800009727478,0.9567000269889832,0.9503999948501587,3.7249467372894287,27.415344715118408,280806400000,802304.0,0.9438914656639099,0.42924052476882935,0.31187063455581665,-0.010108009912073612,mnist,3,256,1.0000001192092896,,,
fa,0,8,335114,0.9550999999046326,0.9549999833106995,0.9517999887466431,3.471330404281616,30.886675119400024,320921600000,802304.0,0.9459254145622253,0.42003172636032104,0.30537107586860657,0.04867282882332802,mnist,3,256,1.000000238418579,,,
fa,1,0,335114,0.1257999986410141,0.12960000336170197,0.1298999935388565,0.0,0.0,0,0.0,0.20584042370319366,-0.020293986424803734,0.018519636243581772,-0.025449812412261963,mnist,3,256,1.0000001192092896,,,
fa,1,1,335114,0.8669000267982483,0.8840000033378601,0.8759999871253967,2.0312538146972656,2.0312538146972656,40115200000,802304.0,0.9305614829063416,0.6900272369384766,0.4963276982307434,0.05099806562066078,mnist,3,256,1.0000001192092896,,,
fa,1,2,335114,0.890500009059906,0.9023000001907349,0.8956000208854675,3.4987387657165527,5.529992580413818,80230400000,802304.0,0.9301345348358154,0.5639010667800903,0.3994496166706085,0.046226948499679565,mnist,3,256,0.9999998211860657,,,
fa,1,3,335114,0.9118000268936157,0.9211999773979187,0.9114000201225281,4.3256964683532715,9.85568904876709,120345600000,802304.0,0.9323116540908813,0.4988504946231842,0.48132550716400146,0.07715846598148346,mnist,3,256,0.9999999403953552,,,
fa,1,4,335114,0.9398000240325928,0.9435999989509583,0.9370999932289124,4.493175268173218,14.348864316940308,160460800000,802304.0,0.9382769465446472,0.4501132667064667,0.3202088475227356,-0.00805556122213602,mnist,3,256,0.9999998211860657,,,
fa,1,5,335114,0.9437999725341797,0.9474999904632568,0.9408000111579895,4.543904542922974,18.89276885986328,200576000000,802304.0,0.9389937520027161,0.4790486693382263,0.35810694098472595,0.01703515835106373,mnist,3,256,1.0000001192092896,,,
fa,1,6,335114,0.9496999979019165,0.9491999745368958,0.948199987411499,4.193371534347534,23.086140394210815,240691200000,802304.0,0.9524646997451782,0.33557450771331787,0.26905539631843567,-0.0013802037574350834,mnist,3,256,1.0,,,
fa,1,7,335114,0.9520999789237976,0.9535999894142151,0.9510999917984009,3.9263339042663574,27.012474298477173,280806400000,802304.0,0.9468872547149658,0.4082457721233368,0.18387074768543243,0.025005297735333443,mnist,3,256,0.9999998807907104,,,
fa,1,8,335114,0.9545000195503235,0.9560999870300293,0.9523000121116638,3.7028095722198486,30.71528387069702,320921600000,802304.0,0.9351764917373657,0.35558316111564636,0.2053692638874054,0.05186695232987404,mnist,3,256,0.9999998211860657,,,
dfa,0,0,335114,0.08219999819993973,0.07639999687671661,0.08479999750852585,0.0,0.0,0,0.0,0.024920577183365822,-0.05351869389414787,-0.03395635262131691,0.09449990838766098,mnist,3,256,1.0,,,
dfa,0,1,335114,0.8781999945640564,0.8938000202178955,0.8892999887466431,2.2706480026245117,2.2706480026245117,33817600000,676352.0,0.6898334622383118,0.6788491606712341,0.4703071713447571,0.17765526473522186,mnist,3,256,1.0000001192092896,,,
dfa,0,2,335114,0.8884999752044678,0.9010999798774719,0.8889999985694885,3.0892839431762695,5.359931945800781,67635200000,676352.0,0.8066642880439758,0.6464067697525024,0.46954554319381714,0.17388314008712769,mnist,3,256,1.0,,,
dfa,0,3,335114,0.8894000053405762,0.8999000191688538,0.8912000060081482,3.812910318374634,9.172842264175415,101452800000,676352.0,0.7655985951423645,0.647588312625885,0.5083597302436829,0.09421052783727646,mnist,3,256,1.0000001192092896,,,
dfa,0,4,335114,0.9189000129699707,0.9279999732971191,0.9210000038146973,3.8171348571777344,12.98997712135315,135270400000,676352.0,0.8182108998298645,0.643740177154541,0.4993467628955841,0.0477275475859642,mnist,3,256,1.0000001192092896,,,
dfa,0,5,335114,0.9473000168800354,0.9506000280380249,0.9434000253677368,3.8737382888793945,16.863715410232544,169088000000,676352.0,0.8010048866271973,0.6083467602729797,0.5266045331954956,0.017818043008446693,mnist,3,256,1.0000001192092896,,,
dfa,0,6,335114,0.954800009727478,0.954800009727478,0.9434000253677368,3.684267282485962,20.547982692718506,202905600000,676352.0,0.7164600491523743,0.48000022768974304,0.5207862854003906,0.07597954571247101,mnist,3,256,1.0000001192092896,,,
dfa,0,7,335114,0.9614999890327454,0.9603999853134155,0.955299973487854,3.567768096923828,24.115750789642334,236723200000,676352.0,0.7951920628547668,0.5058797597885132,0.3699844181537628,0.00021135729912202805,mnist,3,256,1.0,,,
dfa,0,8,335114,0.9638000130653381,0.9603999853134155,0.9556999802589417,3.3271992206573486,27.442950010299683,270540800000,676352.0,0.7623893618583679,0.47797414660453796,0.3307146430015564,-0.024810736998915672,mnist,3,256,1.0000001192092896,,,
dfa,1,0,335114,0.1257999986410141,0.12960000336170197,0.1298999935388565,0.0,0.0,0,0.0,0.02144460752606392,-0.07790952175855637,-0.004742532502859831,0.02057705633342266,mnist,3,256,1.0000001192092896,,,
dfa,1,1,335114,0.8449000120162964,0.8511000275611877,0.8503999710083008,2.3726956844329834,2.3726956844329834,33817600000,676352.0,0.775596559047699,0.75555819272995,0.515421450138092,0.184243842959404,mnist,3,256,0.9999999403953552,,,
dfa,1,2,335114,0.9052000045776367,0.9121000170707703,0.9056000113487244,2.9978418350219727,5.370537519454956,67635200000,676352.0,0.814180850982666,0.6916531920433044,0.5019479990005493,0.09248793870210648,mnist,3,256,1.0,,,
dfa,1,3,335114,0.9142000079154968,0.9229999780654907,0.9176999926567078,3.790174961090088,9.160712480545044,101452800000,676352.0,0.7969396114349365,0.6310842037200928,0.5024550557136536,-0.028517721220850945,mnist,3,256,1.0,,,
dfa,1,4,335114,0.9071000218391418,0.9124000072479248,0.906000018119812,3.7210826873779297,12.881795167922974,135270400000,676352.0,0.8129135370254517,0.647007405757904,0.48572781682014465,0.09316276758909225,mnist,3,256,1.000000238418579,,,
dfa,1,5,335114,0.9434999823570251,0.945900022983551,0.9412999749183655,3.88722562789917,16.769020795822144,169088000000,676352.0,0.8078513741493225,0.6567156910896301,0.5196937322616577,0.19637060165405273,mnist,3,256,1.0,,,
dfa,1,6,335114,0.9578999876976013,0.9584000110626221,0.9567000269889832,3.8130927085876465,20.58211350440979,202905600000,676352.0,0.8163748979568481,0.5888575315475464,0.5000981092453003,0.02293568104505539,mnist,3,256,1.0000001192092896,,,
dfa,1,7,335114,0.9617000222206116,0.9585999846458435,0.955299973487854,3.6546578407287598,24.23677134513855,236723200000,676352.0,0.7983822226524353,0.5219236016273499,0.3686399459838867,-0.04034656658768654,mnist,3,256,0.9999999403953552,,,
dfa,1,8,335114,0.9645000100135803,0.9620000123977661,0.9577999711036682,3.544867515563965,27.781638860702515,270540800000,676352.0,0.7917599678039551,0.461048424243927,0.36347243189811707,0.021715721115469933,mnist,3,256,0.9999999403953552,,,
dtp,0,0,466698,0.06809999793767929,0.06390000134706497,0.0649000033736229,0.0,0.0,0,0.0,0.3836451470851898,0.0321958065032959,-0.008892010897397995,1.0000007152557373,mnist,3,256,0.9999998807907104,,,
dtp,0,1,466698,0.8101000189781189,0.8179000020027161,0.8191999793052673,2.427302598953247,2.427302598953247,66329600000,1326592.0,0.8766803741455078,0.46511077880859375,0.5552250742912292,1.0000042915344238,mnist,3,256,1.0,,,
dtp,0,2,466698,0.8093000054359436,0.8184000253677368,0.8151999711990356,2.61596941947937,5.043272018432617,132659200000,1326592.0,0.721036970615387,0.07385214418172836,0.1042894646525383,1.0000025033950806,mnist,3,256,0.9999999403953552,,,
dtp,0,3,466698,0.8698999881744385,0.8827999830245972,0.8779000043869019,2.705467462539673,7.74873948097229,198988800000,1326592.0,0.7219293713569641,0.1152789443731308,0.06136033684015274,1.000002145767212,mnist,3,256,0.9999998211860657,,,
dtp,0,4,466698,0.8816999793052673,0.8952000141143799,0.8884999752044678,2.915879011154175,10.664618492126465,265318400000,1326592.0,0.5704386234283447,0.12498065829277039,0.03259027376770973,1.0000022649765015,mnist,3,256,1.0,,,
dtp,0,5,466698,0.8988000154495239,0.9056000113487244,0.9007999897003174,3.0299735069274902,13.694591999053955,331648000000,1326592.0,0.5536643266677856,0.1738453358411789,0.15444381535053253,1.0000044107437134,mnist,3,256,0.9999996423721313,,,
dtp,0,6,466698,0.9085999727249146,0.9154000282287598,0.9085999727249146,3.0398881435394287,16.734480142593384,397977600000,1326592.0,0.6530784964561462,0.11890621483325958,0.03680470958352089,1.000004768371582,mnist,3,256,1.0,,,
dtp,0,7,466698,0.9133999943733215,0.9218000173568726,0.9165999889373779,3.045743942260742,19.780224084854126,464307200000,1326592.0,0.5527155995368958,0.1710289865732193,0.1666727364063263,1.0000039339065552,mnist,3,256,1.000000238418579,,,
dtp,0,8,466698,0.9158999919891357,0.923799991607666,0.9199000000953674,2.9990639686584473,22.779288053512573,530636800000,1326592.0,0.43893781304359436,0.17008590698242188,0.07470934838056564,1.0000014305114746,mnist,3,256,0.9999998211860657,,,
dtp,1,0,466698,0.052799999713897705,0.04610000178217888,0.04839999973773956,0.0,0.0,0,0.0,0.391574501991272,0.050334345549345016,0.010051441378891468,1.0000003576278687,mnist,3,256,0.9999999403953552,,,
dtp,1,1,466698,0.8543000221252441,0.8691999912261963,0.8618000149726868,2.422851085662842,2.422851085662842,66329600000,1326592.0,0.8044671416282654,0.422798752784729,0.5399047136306763,1.0000041723251343,mnist,3,256,1.0,,,
dtp,1,2,466698,0.8155999779701233,0.8276000022888184,0.8252000212669373,2.5538580417633057,4.9767091274261475,132659200000,1326592.0,0.7369369864463806,0.1791449785232544,0.47677361965179443,1.000000238418579,mnist,3,256,0.9999996423721313,,,
dtp,1,3,466698,0.7942000031471252,0.809499979019165,0.7944999933242798,2.62481427192688,7.601523399353027,198988800000,1326592.0,0.7067453265190125,0.0636698305606842,0.06326435506343842,1.0000011920928955,mnist,3,256,1.000000238418579,,,
dtp,1,4,466698,0.883899986743927,0.8894000053405762,0.8873000144958496,3.0071475505828857,10.608670949935913,265318400000,1326592.0,0.6628194451332092,0.2045517861843109,0.14621314406394958,1.0000014305114746,mnist,3,256,1.0000007152557373,,,
dtp,1,5,466698,0.8959000110626221,0.9065999984741211,0.900600016117096,3.333216905593872,13.941887855529785,331648000000,1326592.0,0.6614869236946106,0.15953034162521362,0.1490977704524994,1.0000020265579224,mnist,3,256,1.0000001192092896,,,
dtp,1,6,466698,0.8956999778747559,0.902400016784668,0.9013000130653381,3.550916910171509,17.492804765701294,397977600000,1326592.0,0.6552412509918213,0.24169933795928955,0.3384789824485779,1.0000014305114746,mnist,3,256,1.0000003576278687,,,
dtp,1,7,466698,0.9000999927520752,0.9071000218391418,0.90420001745224,3.504023790359497,20.99682855606079,464307200000,1326592.0,0.5807273983955383,0.1163414791226387,0.19746603071689606,1.0000007152557373,mnist,3,256,0.9999993443489075,,,
dtp,1,8,466698,0.9016000032424927,0.9111999869346619,0.9068999886512756,3.4659290313720703,24.46275758743286,530636800000,1326592.0,0.47499120235443115,0.13160580396652222,0.029987484216690063,1.0000019073486328,mnist,3,256,1.0000004768371582,,,
eqprop,0,0,335114,0.09290000051259995,0.0885000005364418,0.09539999812841415,0.0,0.0,0,0.0,0.6561479568481445,0.6937417984008789,0.703151285648346,0.668395459651947,mnist,3,256,0.6999584436416626,,,
eqprop,0,1,335114,0.9387999773025513,0.942300021648407,0.9370999932289124,31.220188856124878,31.220188856124878,1805030400000,36100608.0,0.8751261830329895,0.8615019917488098,0.9163355827331543,0.9412916898727417,mnist,3,256,0.9663485288619995,,,
eqprop,0,2,335114,0.9634000062942505,0.9585000276565552,0.9559999704360962,31.18741250038147,62.40760135650635,3610060800000,36100608.0,0.8824851512908936,0.8716717958450317,0.8922563195228577,0.9360672235488892,mnist,3,256,0.9559421539306641,,,
eqprop,0,3,335114,0.9725000262260437,0.9674999713897705,0.9677000045776367,31.20891261100769,93.61651396751404,5415091200000,36100608.0,0.6897469162940979,0.5855766534805298,0.7516201138496399,0.8034332394599915,mnist,3,256,0.8645706176757812,,,
eqprop,0,4,335114,0.9781000018119812,0.9689000248908997,0.9703999757766724,31.596380472183228,125.21289443969727,7220121600000,36100608.0,0.31628575921058655,0.28904038667678833,0.3612424433231354,0.522785484790802,mnist,3,256,0.6835445165634155,,,
eqprop,0,5,335114,0.9840999841690063,0.9726999998092651,0.9750000238418579,31.826348066329956,157.03924250602722,9025152000000,36100608.0,0.8024508953094482,0.7714456915855408,0.8222087621688843,0.8764490485191345,mnist,3,256,0.9179131984710693,,,
eqprop,0,6,335114,0.9884999990463257,0.9746000170707703,0.9761999845504761,32.69214725494385,189.73138976097107,10830182400000,36100608.0,0.9052537679672241,0.9129363298416138,0.9219383001327515,0.9128872156143188,mnist,3,256,0.9158844351768494,,,
eqprop,0,7,335114,0.9901000261306763,0.9764999747276306,0.9782000184059143,32.313955783843994,222.04534554481506,12635212800000,36100608.0,0.8869376182556152,0.8791114687919617,0.8708226680755615,0.9322798848152161,mnist,3,256,0.938135027885437,,,
eqprop,0,8,335114,0.991100013256073,0.9761000275611877,0.9779000282287598,31.235286951065063,253.28063249588013,14440243200000,36100608.0,0.8714103698730469,0.8875106573104858,0.8643222451210022,0.9104389548301697,mnist,3,256,0.9246682524681091,,,
eqprop,1,0,335114,0.10540000349283218,0.10740000009536743,0.10719999670982361,0.0,0.0,0,0.0,0.726203978061676,0.7508429884910583,0.7364895939826965,0.7141930460929871,mnist,3,256,0.7211000323295593,,,
eqprop,1,1,335114,0.9496999979019165,0.951200008392334,0.9480000138282776,30.55096983909607,30.55096983909607,1805030400000,36100608.0,0.7358846664428711,0.6547713279724121,0.8329082727432251,0.8957447409629822,mnist,3,256,0.9571817517280579,,,
eqprop,1,2,335114,0.9629999995231628,0.9610000252723694,0.9557999968528748,31.25023865699768,61.80120849609375,3610060800000,36100608.0,0.6728715300559998,0.6855803728103638,0.6986305713653564,0.8181548714637756,mnist,3,256,0.9178114533424377,,,
eqprop,1,3,335114,0.9710000157356262,0.9672999978065491,0.9617000222206116,32.54078698158264,94.34199547767639,5415091200000,36100608.0,0.6543920636177063,0.805432915687561,0.5825339555740356,0.6716321110725403,mnist,3,256,0.8432825207710266,,,
eqprop,1,4,335114,0.9781000018119812,0.9710999727249146,0.9674999713897705,32.01298642158508,126.35498189926147,7220121600000,36100608.0,0.6853798031806946,0.663496732711792,0.7074756026268005,0.7886012196540833,mnist,3,256,0.9040498733520508,,,
eqprop,1,5,335114,0.9842000007629395,0.9761999845504761,0.9733999967575073,31.8599910736084,158.21497297286987,9025152000000,36100608.0,0.9089722037315369,0.9160624742507935,0.9218076467514038,0.920239269733429,mnist,3,256,0.9332967400550842,,,
eqprop,1,6,335114,0.9879000186920166,0.9771999716758728,0.9739999771118164,33.09590411186218,191.31087708473206,10830182400000,36100608.0,0.8292577862739563,0.8364548087120056,0.878138542175293,0.8643968105316162,mnist,3,256,0.9046851396560669,,,
eqprop,1,7,335114,0.9908999800682068,0.979200005531311,0.9768999814987183,33.18901443481445,224.4998915195465,12635212800000,36100608.0,0.8783196806907654,0.9042361974716187,0.8924594521522522,0.8781744241714478,mnist,3,256,0.8767063617706299,,,
eqprop,1,8,335114,0.9914000034332275,0.978600025177002,0.9764999747276306,35.05673933029175,259.55663084983826,14440243200000,36100608.0,0.6496953368186951,0.6840737462043762,0.7287207245826721,0.5471099019050598,mnist,3,256,0.5826371908187866,,,
bp,0,0,400906,0.06859999895095825,0.06729999929666519,0.06480000168085098,0.0,0.0,0,0.0,1.000019907951355,1.0000091791152954,1.0000027418136597,1.0000038146972656,mnist,4,256,1.0000035762786865,1.000000238418579,,
bp,0,1,400906,0.965399980545044,0.9606000185012817,0.9599000215530396,1.9189484119415283,1.9189484119415283,49945600000,998912.0,1.0000165700912476,1.0000048875808716,1.000002384185791,1.0000022649765015,mnist,4,256,1.0000019073486328,1.000000238418579,,
bp,0,2,400906,0.9678000211715698,0.9631999731063843,0.958899974822998,2.254702091217041,4.173650503158569,99891200000,998912.0,1.0000134706497192,1.0000063180923462,1.000003457069397,1.0000040531158447,mnist,4,256,1.000002145767212,1.0,,
bp,0,3,400906,0.9898999929428101,0.9746000170707703,0.9754999876022339,2.4848134517669678,6.658463954925537,149836800000,998912.0,1.0000168085098267,1.0000054836273193,1.0000028610229492,1.000002145767212,mnist,4,256,1.0000019073486328,1.0,,
bp,0,4,400906,0.993399977684021,0.9771999716758728,0.9796000123023987,2.583185911178589,9.241649866104126,199782400000,998912.0,1.0000206232070923,1.0000064373016357,1.000002384185791,1.0000032186508179,mnist,4,256,1.0000027418136597,1.0000001192092896,,
bp,0,5,400906,0.9958000183105469,0.9779999852180481,0.9807000160217285,2.627838373184204,11.86948823928833,249728000000,998912.0,1.0000163316726685,1.0000054836273193,1.0000038146972656,1.000003457069397,mnist,4,256,1.0000027418136597,0.9999998211860657,,
bp,0,6,400906,0.9988999962806702,0.9815000295639038,0.9830999970436096,2.7418510913848877,14.611339330673218,299673600000,998912.0,1.0000256299972534,1.0000070333480835,1.0000025033950806,1.0000030994415283,mnist,4,256,1.000002145767212,1.0000001192092896,,
bp,0,7,400906,0.9994000196456909,0.9824000000953674,0.984000027179718,2.613734483718872,17.22507381439209,349619200000,998912.0,1.000025987625122,1.0000077486038208,1.0000035762786865,1.0000032186508179,mnist,4,256,1.0000029802322388,1.0000001192092896,,
bp,0,8,400906,0.9994999766349792,0.9822999835014343,0.9836999773979187,2.760683298110962,19.98575711250305,399564800000,998912.0,1.0000243186950684,1.000006914138794,1.0000032186508179,1.0000032186508179,mnist,4,256,1.000002384185791,1.0,,
bp,1,0,400906,0.08219999819993973,0.07729999721050262,0.07699999958276749,0.0,0.0,0,0.0,1.0000183582305908,1.000008463859558,1.0000020265579224,1.0000035762786865,mnist,4,256,1.000003457069397,0.9999998807907104,,
bp,1,1,400906,0.9616000056266785,0.9603999853134155,0.9567999839782715,2.0000267028808594,2.0000267028808594,49945600000,998912.0,1.0000131130218506,1.0000050067901611,1.0000027418136597,1.0000022649765015,mnist,4,256,1.0000022649765015,1.0,,
bp,1,2,400906,0.9758999943733215,0.9684000015258789,0.9675999879837036,2.0006649494171143,4.000691652297974,99891200000,998912.0,1.0000160932540894,1.000005841255188,1.0000019073486328,1.0000032186508179,mnist,4,256,1.0000020265579224,1.0000001192092896,,
bp,1,3,400906,0.9850000143051147,0.9729999899864197,0.9735000133514404,2.4228758811950684,6.423567533493042,149836800000,998912.0,1.0000182390213013,1.0000051259994507,1.0000032186508179,1.0000026226043701,mnist,4,256,1.0000022649765015,1.0,,
bp,1,4,400906,0.9897000193595886,0.9757000207901001,0.9724000096321106,2.501436471939087,8.925004005432129,199782400000,998912.0,1.0000202655792236,1.0000077486038208,1.000003457069397,1.0000032186508179,mnist,4,256,1.0000020265579224,1.0000001192092896,,
bp,1,5,400906,0.9944000244140625,0.9797999858856201,0.979200005531311,2.6778151988983154,11.602819204330444,249728000000,998912.0,1.000020146369934,1.0000063180923462,1.000003695487976,1.0000025033950806,mnist,4,256,1.0000022649765015,1.0000001192092896,,
bp,1,6,400906,0.9991999864578247,0.9836000204086304,0.9825999736785889,2.563850164413452,14.166669368743896,299673600000,998912.0,1.0000241994857788,1.0000078678131104,1.0000040531158447,1.0000029802322388,mnist,4,256,1.0000019073486328,1.000000238418579,,
bp,1,7,400906,0.9998000264167786,0.9836000204086304,0.9836000204086304,2.653949737548828,16.820619106292725,349619200000,998912.0,1.0000193119049072,1.0000063180923462,1.0000035762786865,1.0000020265579224,mnist,4,256,1.000002384185791,1.0000001192092896,,
bp,1,8,400906,0.9998000264167786,0.9835000038146973,0.9839000105857849,2.6943235397338867,19.51494264602661,399564800000,998912.0,1.000015377998352,1.0000046491622925,1.0000033378601074,1.0000030994415283,mnist,4,256,1.0000015497207642,1.0000001192092896,,
fa,0,0,400906,0.06859999895095825,0.06729999929666519,0.06480000168085098,0.0,0.0,0,0.0,0.1813521683216095,-0.03720559924840927,-0.04463234543800354,-0.02932460978627205,mnist,4,256,0.013480134308338165,1.000000238418579,,
fa,0,1,400906,0.7146999835968018,0.7361000180244446,0.7188000082969666,2.924473524093628,2.924473524093628,49945600000,998912.0,0.9106022715568542,0.4267604649066925,0.4386448860168457,0.3455962538719177,mnist,4,256,-0.06148873642086983,1.0000001192092896,,
fa,0,2,400906,0.8596000075340271,0.878600001335144,0.8733000159263611,2.707008123397827,5.631481647491455,99891200000,998912.0,0.937563955783844,0.32254907488822937,0.2653597295284271,0.12167052179574966,mnist,4,256,-0.037471119314432144,1.0,,
fa,0,3,400906,0.9093999862670898,0.9228000044822693,0.9153000116348267,3.668131113052368,9.299612760543823,149836800000,998912.0,0.956535816192627,0.5648595690727234,0.6651809215545654,0.4667636454105377,mnist,4,256,0.20975904166698456,1.0,,
fa,0,4,400906,0.9068999886512756,0.9158999919891357,0.9111999869346619,3.238433361053467,12.53804612159729,199782400000,998912.0,0.95976722240448,0.5012955665588379,0.39691871404647827,0.23837211728096008,mnist,4,256,0.20709452033042908,0.9999998807907104,,
fa,0,5,400906,0.9210000038146973,0.9279000163078308,0.925000011920929,3.3828506469726562,15.920896768569946,249728000000,998912.0,0.9541176557540894,0.42457616329193115,0.44820091128349304,0.30683672428131104,mnist,4,256,0.12546682357788086,1.0,,
fa,0,6,400906,0.9259999990463257,0.930899977684021,0.9279000163078308,3.3836638927459717,19.304560661315918,299673600000,998912.0,0.9591494202613831,0.5104894638061523,0.49308061599731445,0.21357983350753784,mnist,4,256,0.15610846877098083,0.9999998211860657,,
fa,0,7,400906,0.9315999746322632,0.9366000294685364,0.934499979019165,3.592825412750244,22.897386074066162,349619200000,998912.0,0.9595013856887817,0.330671101808548,0.4090825915336609,0.21038590371608734,mnist,4,256,0.07601936906576157,1.0000001192092896,,
fa,0,8,400906,0.9309999942779541,0.9362000226974487,0.9348999857902527,3.7088851928710938,26.606271266937256,399564800000,998912.0,0.9545402526855469,0.3152434527873993,0.3758711516857147,0.28069427609443665,mnist,4,256,0.1753121018409729,0.9999997615814209,,
fa,1,0,400906,0.08219999819993973,0.07729999721050262,0.07699999958276749,0.0,0.0,0,0.0,0.18694669008255005,-0.014467354863882065,0.10124272853136063,-0.10109502077102661,mnist,4,256,-0.02702060341835022,0.9999998807907104,,
fa,1,1,400906,0.8539000153541565,0.8672000169754028,0.8597000241279602,2.760864019393921,2.760864019393921,49945600000,998912.0,0.9325555562973022,0.5074217319488525,0.4864943325519562,0.5232465863227844,mnist,4,256,0.16264967620372772,1.0,,
fa,1,2,400906,0.8476999998092651,0.8654000163078308,0.8465999960899353,2.342960834503174,5.103824853897095,99891200000,998912.0,0.956983208656311,0.5680027604103088,0.6165565252304077,0.3803344964981079,mnist,4,256,0.034394290298223495,1.0000001192092896,,
fa,1,3,400906,0.8913000226020813,0.8980000019073486,0.8810999989509583,3.530423164367676,8.63424801826477,149836800000,998912.0,0.9585549831390381,0.5592402815818787,0.47798770666122437,0.393576979637146,mnist,4,256,0.05601692944765091,0.9999997019767761,,
fa,1,4,400906,0.9140999913215637,0.9194999933242798,0.909600019454956,3.0840225219726562,11.718270540237427,199782400000,998912.0,0.9587419033050537,0.5544355511665344,0.5874423384666443,0.45703867077827454,mnist,4,256,0.06832120567560196,0.9999998807907104,,
fa,1,5,400906,0.9322999715805054,0.9408000111579895,0.9327999949455261,3.107717752456665,14.825988292694092,249728000000,998912.0,0.967603325843811,0.5080922245979309,0.5809373259544373,0.5493725538253784,mnist,4,256,0.06459110975265503,1.0,,
fa,1,6,400906,0.9332000017166138,0.9383000135421753,0.9340999722480774,3.097860813140869,17.92384910583496,299673600000,998912.0,0.9641281962394714,0.4198188781738281,0.417502760887146,0.23774412274360657,mnist,4,256,-0.06961881369352341,1.0000001192092896,,
fa,1,7,400906,0.9386000037193298,0.9453999996185303,0.9376000165939331,3.1365952491760254,21.060444355010986,349619200000,998912.0,0.9690516591072083,0.3166141211986542,0.24433815479278564,0.29174697399139404,mnist,4,256,0.0727233961224556,0.9999998807907104,,
fa,1,8,400906,0.9415000081062317,0.9463000297546387,0.9383999705314636,3.1172993183135986,24.177743673324585,399564800000,998912.0,0.9661463499069214,0.23512102663516998,0.1877685785293579,0.28608980774879456,mnist,4,256,-0.007539489772170782,1.000000238418579,,
dfa,0,0,400906,0.06859999895095825,0.06729999929666519,0.06480000168085098,0.0,0.0,0,0.0,0.017087483778595924,-0.09619221091270447,-0.002322533167898655,-0.03462117537856102,mnist,4,256,0.07184635102748871,1.000000238418579,,
dfa,0,1,400906,0.8532999753952026,0.8716999888420105,0.8690000176429749,2.233299732208252,2.233299732208252,40499200000,809984.0,0.8085648417472839,0.7337840795516968,0.6412700414657593,0.42106711864471436,mnist,4,256,0.13275940716266632,1.0,,
dfa,0,2,400906,0.8992999792098999,0.9128999710083008,0.9085999727249146,2.00278639793396,4.236086130142212,80998400000,809984.0,0.8544065952301025,0.7425283193588257,0.7567154169082642,0.5425489544868469,mnist,4,256,0.1381957083940506,1.000000238418579,,
dfa,0,3,400906,0.9031999707221985,0.916700005531311,0.9114999771118164,2.7993788719177246,7.0354650020599365,121497600000,809984.0,0.81893390417099,0.710801362991333,0.4994239807128906,0.28602513670921326,mnist,4,256,-0.07103481888771057,1.0000001192092896,,
dfa,0,4,400906,0.8924999833106995,0.9054999947547913,0.8995000123977661,2.849470376968384,9.88493537902832,161996800000,809984.0,0.928758978843689,0.673617422580719,0.6895639896392822,0.5978753566741943,mnist,4,256,0.15952487289905548,1.0,,
dfa,0,5,400906,0.9359999895095825,0.9433000087738037,0.9380999803543091,2.8633334636688232,12.748268842697144,202496000000,809984.0,0.8884362578392029,0.6195858716964722,0.6115894913673401,0.41302725672721863,mnist,4,256,0.06579576432704926,1.0,,
dfa,0,6,400906,0.9291999936103821,0.9376999735832214,0.9312000274658203,2.8744957447052,15.622764587402344,242995200000,809984.0,0.8950495719909668,0.6294650435447693,0.6517876386642456,0.415182501077652,mnist,4,256,0.11460544914007187,0.9999998807907104,,
dfa,0,7,400906,0.9441999793052673,0.9449999928474426,0.9406999945640564,2.847776412963867,18.47054100036621,283494400000,809984.0,0.8529475331306458,0.43348437547683716,0.1996946632862091,0.060088738799095154,mnist,4,256,0.03015410713851452,0.9999998807907104,,
dfa,0,8,400906,0.9463000297546387,0.9465000033378601,0.9419999718666077,2.870018720626831,21.340559720993042,323993600000,809984.0,0.8634799718856812,0.4478195011615753,0.262486070394516,0.15174563229084015,mnist,4,256,0.03916673734784126,1.0,,
dfa,1,0,400906,0.08219999819993973,0.07729999721050262,0.07699999958276749,0.0,0.0,0,0.0,0.06817688792943954,0.06589412689208984,-0.1109781563282013,-0.0438418835401535,mnist,4,256,0.06719315052032471,0.9999998807907104,,
dfa,1,1,400906,0.8137999773025513,0.8305000066757202,0.8205999732017517,2.21429705619812,2.21429705619812,40499200000,809984.0,0.779383659362793,0.6331725716590881,0.5781902074813843,0.3699473440647125,mnist,4,256,0.03278476372361183,0.9999999403953552,,
dfa,1,2,400906,0.8847000002861023,0.8924000263214111,0.8852999806404114,2.1947643756866455,4.409061431884766,80998400000,809984.0,0.7864817380905151,0.666975200176239,0.6034804582595825,0.3957819640636444,mnist,4,256,0.1170513853430748,0.9999998807907104,,
dfa,1,3,400906,0.8654000163078308,0.8738999962806702,0.8615000247955322,2.9531478881835938,7.362209320068359,121497600000,809984.0,0.8134568333625793,0.8316136598587036,0.826212465763092,0.6103491187095642,mnist,4,256,0.11367868632078171,1.0,,
dfa,1,4,400906,0.9150999784469604,0.9262999892234802,0.9175000190734863,2.833528757095337,10.195738077163696,161996800000,809984.0,0.8195186853408813,0.7932015657424927,0.7341540455818176,0.6172962784767151,mnist,4,256,0.20454636216163635,0.9999998807907104,,
dfa,1,5,400906,0.9351999759674072,0.9399999976158142,0.9332000017166138,2.891535997390747,13.087274074554443,202496000000,809984.0,0.8148396611213684,0.5460309982299805,0.3826797604560852,0.13739529252052307,mnist,4,256,-0.14293381571769714,1.0,,
dfa,1,6,400906,0.9254999756813049,0.9314000010490417,0.9243999719619751,3.0809073448181152,16.16818141937256,242995200000,809984.0,0.8218501806259155,0.6030543446540833,0.5293998122215271,0.36826983094215393,mnist,4,256,0.018892742693424225,1.0,,
dfa,1,7,400906,0.9401999711990356,0.9451000094413757,0.9383000135421753,3.0385360717773438,19.206717491149902,283494400000,809984.0,0.8171156644821167,0.45390889048576355,0.29419219493865967,0.1639034003019333,mnist,4,256,-0.17530551552772522,1.0000001192092896,,
dfa,1,8,400906,0.9412000179290771,0.9463000297546387,0.9401000142097473,3.0180461406707764,22.22476363182068,323993600000,809984.0,0.8089651465415955,0.39761725068092346,0.2989864647388458,0.022635234519839287,mnist,4,256,-0.1209293082356453,0.9999998807907104,,
dtp,0,0,598282,0.14139999449253082,0.14810000360012054,0.13910000026226044,0.0,0.0,0,0.0,0.33027684688568115,0.0013303434243425727,0.03555172681808472,-0.030743833631277084,mnist,4,256,1.0000009536743164,1.0000001192092896,,
dtp,0,1,598282,0.510200023651123,0.5184000134468079,0.5166000127792358,3.3300607204437256,3.3300607204437256,89267200000,1785344.0,0.5598613023757935,-0.00394654693081975,-0.004264784045517445,0.0005236751167103648,mnist,4,256,1.0000041723251343,0.9999997615814209,,
dtp,0,2,598282,0.6757000088691711,0.694599986076355,0.6852999925613403,3.3433549404144287,6.673415660858154,178534400000,1785344.0,0.38577163219451904,0.2936502993106842,0.07190973311662674,0.003956716042011976,mnist,4,256,1.0000040531158447,1.000000238418579,,
dtp,0,3,598282,0.7745000123977661,0.7996000051498413,0.7953000068664551,3.961810827255249,10.635226488113403,267801600000,1785344.0,0.3472243845462799,0.13917042315006256,0.09469067305326462,-0.0007560726371593773,mnist,4,256,1.000002145767212,1.0,,
dtp,0,4,598282,0.7141000032424927,0.7240999937057495,0.7160999774932861,4.070889234542847,14.70611572265625,357068800000,1785344.0,0.41993236541748047,0.11888487637042999,0.005071916617453098,0.00014960739645175636,mnist,4,256,1.0000026226043701,1.0000003576278687,,
dtp,0,5,598282,0.7055000066757202,0.7242000102996826,0.7160999774932861,4.165076971054077,18.871192693710327,446336000000,1785344.0,0.28759095072746277,0.08920338749885559,0.1297244131565094,0.0014300289331004024,mnist,4,256,1.000002384185791,1.0,,
dtp,0,6,598282,0.785099983215332,0.7972000241279602,0.7886999845504761,4.057932138442993,22.92912483215332,535603200000,1785344.0,0.33830609917640686,-0.06215664744377136,-0.02452165260910988,-0.0010689181508496404,mnist,4,256,1.0000022649765015,1.0000001192092896,,
dtp,0,7,598282,0.781000018119812,0.7979000210762024,0.7888000011444092,4.240159273147583,27.169284105300903,624870400000,1785344.0,0.3090117573738098,0.019141465425491333,0.01811765320599079,0.0025521828792989254,mnist,4,256,1.0000028610229492,0.9999997615814209,,
dtp,0,8,598282,0.7914999723434448,0.8064000010490417,0.8019999861717224,4.15384578704834,31.323129892349243,714137600000,1785344.0,0.2610085606575012,0.0021290848962962627,0.041788894683122635,-0.0005672223633155227,mnist,4,256,1.0000011920928955,1.000000238418579,,
dtp,1,0,598282,0.1193000003695488,0.11699999868869781,0.12300000339746475,0.0,0.0,0,0.0,0.3425326943397522,0.00048101029824465513,0.008057067170739174,-0.0009224216919392347,mnist,4,256,1.0000003576278687,1.0,,
dtp,1,1,598282,0.7093999981880188,0.7310000061988831,0.7092999815940857,3.468189001083374,3.468189001083374,89267200000,1785344.0,0.8226053714752197,0.5694016814231873,0.3932710587978363,0.5294128656387329,mnist,4,256,1.0000032186508179,1.0000001192092896,,
dtp,1,2,598282,0.7915999889373779,0.8190000057220459,0.8008999824523926,3.2853493690490723,6.753538370132446,178534400000,1785344.0,0.5361193418502808,0.08731307089328766,0.03608984872698784,-0.03235800564289093,mnist,4,256,1.0000029802322388,1.0000001192092896,,
dtp,1,3,598282,0.8062999844551086,0.828499972820282,0.8151999711990356,3.429647207260132,10.183185577392578,267801600000,1785344.0,0.49008870124816895,0.11595075577497482,0.14872315526008606,0.00942301657050848,mnist,4,256,1.0000032186508179,1.000000238418579,,
dtp,1,4,598282,0.8179000020027161,0.8379999995231628,0.8259999752044678,4.251585483551025,14.434771060943604,357068800000,1785344.0,0.7004559636116028,0.039686162024736404,0.03188449516892433,0.0025909445248544216,mnist,4,256,1.0000041723251343,0.9999998211860657,,
dtp,1,5,598282,0.8044999837875366,0.8233000040054321,0.8138999938964844,4.464125156402588,18.89889621734619,446336000000,1785344.0,0.4349091351032257,0.06037796661257744,0.05604495853185654,-0.011774572543799877,mnist,4,256,1.000002384185791,0.9999997019767761,,
dtp,1,6,598282,0.8270000219345093,0.8445000052452087,0.8374000191688538,4.564208030700684,23.463104248046875,535603200000,1785344.0,0.3173743486404419,0.05511515215039253,0.04470425099134445,0.0016954117454588413,mnist,4,256,1.0000016689300537,1.0000004768371582,,
dtp,1,7,598282,0.8306000232696533,0.8514999747276306,0.8445000052452087,4.620851516723633,28.083955764770508,624870400000,1785344.0,0.2847229540348053,0.05191650241613388,-0.13745269179344177,0.012178389355540276,mnist,4,256,1.000001311302185,1.0,,
dtp,1,8,598282,0.8327999711036682,0.8569999933242798,0.843500018119812,4.280191421508789,32.3641471862793,714137600000,1785344.0,0.2783494293689728,0.053793758153915405,0.16716983914375305,0.011572119779884815,mnist,4,256,1.0000014305114746,0.9999998211860657,,
eqprop,0,0,400906,0.0729999989271164,0.07750000059604645,0.07450000196695328,0.0,0.0,0,0.0,0.5150198340415955,0.508012056350708,0.4913507401943207,0.49587368965148926,mnist,4,256,0.5458375811576843,0.5948562026023865,,
eqprop,0,1,400906,0.9294999837875366,0.934499979019165,0.9315999746322632,51.89154767990112,51.89154767990112,3055180800000,61103616.0,0.5482421517372131,0.481982946395874,0.5850703716278076,0.7133440971374512,mnist,4,256,0.8181436657905579,0.9100062847137451,,
eqprop,0,2,400906,0.9531000256538391,0.9517999887466431,0.9466000199317932,51.84329080581665,103.73483848571777,6110361600000,61103616.0,0.838635265827179,0.8789200186729431,0.8647406697273254,0.8856934309005737,mnist,4,256,0.892021894454956,0.9251415133476257,,
eqprop,0,3,400906,0.9635000228881836,0.9623000025749207,0.9592999815940857,52.161033391952515,155.8958718776703,9165542400000,61103616.0,0.8137615919113159,0.8347032070159912,0.867570161819458,0.8701571226119995,mnist,4,256,0.854960024356842,0.8245892524719238,,
eqprop,0,4,400906,0.9713000059127808,0.9660000205039978,0.9643999934196472,52.39849519729614,208.29436707496643,12220723200000,61103616.0,0.8958301544189453,0.9082416892051697,0.9202638268470764,0.9384795427322388,mnist,4,256,0.9162680506706238,0.9078714847564697,,
eqprop,0,5,400906,0.978600025177002,0.9688000082969666,0.9689000248908997,51.23447608947754,259.52884316444397,15275904000000,61103616.0,0.7053797245025635,0.6823035478591919,0.7129623293876648,0.7399842739105225,mnist,4,256,0.8430961966514587,0.8713737726211548,,
eqprop,0,6,400906,0.9832000136375427,0.9718999862670898,0.9725000262260437,51.52267074584961,311.0515139102936,18331084800000,61103616.0,0.7894020080566406,0.9031434059143066,0.8757638931274414,0.7639728784561157,mnist,4,256,0.6517335176467896,0.5950158834457397,,
eqprop,0,7,400906,0.9860000014305115,0.9739000201225281,0.972599983215332,52.735921144485474,363.78743505477905,21386265600000,61103616.0,0.8596149682998657,0.8729129433631897,0.859798014163971,0.8551944494247437,mnist,4,256,0.8845584988594055,0.8921177983283997,,
eqprop,0,8,400906,0.9869999885559082,0.9740999937057495,0.9728999733924866,51.147876501083374,414.9353115558624,24441446400000,61103616.0,0.8822773098945618,0.8869689106941223,0.9030036330223083,0.9020144939422607,mnist,4,256,0.8750457167625427,0.8545607924461365,,
eqprop,1,0,400906,0.07880000025033951,0.07850000262260437,0.07649999856948853,0.0,0.0,0,0.0,0.6021814346313477,0.554731547832489,0.5417277812957764,0.5346922874450684,mnist,4,256,0.5772855877876282,0.6182460784912109,,
eqprop,1,1,400906,0.9207000136375427,0.9315000176429749,0.9246000051498413,50.56520366668701,50.56520366668701,3055180800000,61103616.0,0.9258267283439636,0.8620884418487549,0.949284017086029,0.9766412973403931,mnist,4,256,0.9787071347236633,0.9603128433227539,,
eqprop,1,2,400906,0.9557999968528748,0.9555000066757202,0.9563999772071838,51.324848890304565,101.89005255699158,6110361600000,61103616.0,0.8411681652069092,0.8426312208175659,0.8729054927825928,0.8796247243881226,mnist,4,256,0.8831505179405212,0.9114037752151489,,
eqprop,1,3,400906,0.9629999995231628,0.9610999822616577,0.9574999809265137,51.828829765319824,153.7188823223114,9165542400000,61103616.0,0.8281418681144714,0.8105789422988892,0.8803322315216064,0.917936384677887,mnist,4,256,0.9213422536849976,0.9439241290092468,,
eqprop,1,4,400906,0.9695000052452087,0.9649999737739563,0.9624999761581421,52.22969341278076,205.94857573509216,12220723200000,61103616.0,0.7912209630012512,0.8010479211807251,0.8248343467712402,0.8542613387107849,mnist,4,256,0.8731226325035095,0.8439979553222656,,
eqprop,1,5,400906,0.9765999913215637,0.9718000292778015,0.9670000076293945,52.76889371871948,258.71746945381165,15275904000000,61103616.0,0.7375026345252991,0.7376863360404968,0.7693947553634644,0.7260584831237793,mnist,4,256,0.8051238059997559,0.8345727324485779,,
eqprop,1,6,400906,0.9817000031471252,0.9728000164031982,0.9704999923706055,52.5352680683136,311.25273752212524,18331084800000,61103616.0,0.5194404721260071,0.4270201027393341,0.6312355995178223,0.5905715227127075,mnist,4,256,0.6845771074295044,0.7078357338905334,,
eqprop,1,7,400906,0.9860000014305115,0.9764000177383423,0.9746000170707703,52.89842677116394,364.1511642932892,21386265600000,61103616.0,0.8986732363700867,0.926790714263916,0.9379657506942749,0.9387843608856201,mnist,4,256,0.8965105414390564,0.8219388723373413,,
eqprop,1,8,400906,0.9868000149726868,0.9760000109672546,0.9735999703407288,51.95445942878723,416.1056237220764,24441446400000,61103616.0,0.7897928953170776,0.8401634097099304,0.8276044130325317,0.8760600090026855,mnist,4,256,0.8772856593132019,0.8608047366142273,,
bp,0,0,532490,0.08709999918937683,0.08479999750852585,0.09109999984502792,0.0,0.0,0,0.0,1.0000334978103638,1.000009536743164,1.0000025033950806,1.000003457069397,mnist,6,256,1.0000027418136597,1.0000040531158447,1.0000029802322388,1.0000001192092896
bp,0,1,532490,0.9592000246047974,0.9589999914169312,0.9564999938011169,2.500011682510376,2.500011682510376,69606400000,1392128.0,1.0000249147415161,1.0000040531158447,1.0000014305114746,1.000002145767212,mnist,6,256,1.0000022649765015,1.0000014305114746,1.0000017881393433,1.0000001192092896
bp,0,2,532490,0.963100016117096,0.9614999890327454,0.95660001039505,2.64813494682312,5.148146629333496,139212800000,1392128.0,1.0000172853469849,1.0000063180923462,1.0000022649765015,1.0000025033950806,mnist,6,256,1.0000029802322388,1.0000020265579224,1.0000020265579224,1.0
bp,0,3,532490,0.9860000014305115,0.975600004196167,0.9736999869346619,3.5462992191314697,8.694445848464966,208819200000,1392128.0,1.0000298023223877,1.000006079673767,1.0000027418136597,1.0000019073486328,mnist,6,256,1.0000014305114746,1.0000016689300537,1.0000016689300537,1.0000001192092896
bp,0,4,532490,0.9894999861717224,0.9786999821662903,0.977400004863739,3.6013524532318115,12.295798301696777,278425600000,1392128.0,1.0000280141830444,1.0000064373016357,1.0000029802322388,1.0000026226043701,mnist,6,256,1.0000025033950806,1.0000015497207642,1.000002384185791,0.9999998807907104
bp,0,5,532490,0.9922000169754028,0.9772999882698059,0.9782000184059143,3.6750001907348633,15.97079849243164,348032000000,1392128.0,1.0000308752059937,1.0000056028366089,1.000002145767212,1.0000027418136597,mnist,6,256,1.0000017881393433,1.0000019073486328,1.0000015497207642,1.0
bp,0,6,532490,0.9975000023841858,0.9794999957084656,0.9814000129699707,3.6143100261688232,19.585108518600464,417638400000,1392128.0,1.0000375509262085,1.0000066757202148,1.0000038146972656,1.0000035762786865,mnist,6,256,1.0000025033950806,1.0000019073486328,1.0000019073486328,1.0000001192092896
bp,0,7,532490,0.9988999962806702,0.9819999933242798,0.9832000136375427,3.794281482696533,23.379390001296997,487244800000,1392128.0,1.0000286102294922,1.0000077486038208,1.0000028610229492,1.0000039339065552,mnist,6,256,1.0000027418136597,1.000001311302185,1.0000014305114746,0.9999999403953552
bp,0,8,532490,0.9988999962806702,0.9821000099182129,0.9836000204086304,3.7341814041137695,27.113571405410767,556851200000,1392128.0,1.0000290870666504,1.0000075101852417,1.0000038146972656,1.0000038146972656,mnist,6,256,1.0000030994415283,1.0000017881393433,1.0000017881393433,1.0000001192092896
bp,1,0,532490,0.13019999861717224,0.13330000638961792,0.13230000436306,0.0,0.0,0,0.0,1.000030517578125,1.0000098943710327,1.000002384185791,1.000003695487976,mnist,6,256,1.000003457069397,1.0000030994415283,1.0000042915344238,0.9999998807907104
bp,1,1,532490,0.9513999819755554,0.953000009059906,0.9455000162124634,2.403766632080078,2.403766632080078,69606400000,1392128.0,1.0000241994857788,1.0000059604644775,1.0000015497207642,1.0000028610229492,mnist,6,256,1.0000026226043701,1.000002145767212,1.000001311302185,1.0000001192092896
bp,1,2,532490,0.9739000201225281,0.9667999744415283,0.9631999731063843,2.732738971710205,5.136505603790283,139212800000,1392128.0,1.000024676322937,1.0000054836273193,1.0000020265579224,1.0000025033950806,mnist,6,256,1.0000025033950806,1.0000016689300537,1.0000015497207642,1.0000001192092896
bp,1,3,532490,0.983299970626831,0.9726999998092651,0.9714999794960022,3.7128634452819824,8.849369049072266,208819200000,1392128.0,1.0000313520431519,1.0000042915344238,1.000002145767212,1.0000029802322388,mnist,6,256,1.0000020265579224,1.0000017881393433,1.0000014305114746,0.9999999403953552
bp,1,4,532490,0.984000027179718,0.9736999869346619,0.9697999954223633,3.690032958984375,12.53940200805664,278425600000,1392128.0,1.0000245571136475,1.0000067949295044,1.000002384185791,1.000002145767212,mnist,6,256,1.0000028610229492,1.0000027418136597,1.0000017881393433,1.0
bp,1,5,532490,0.9944999814033508,0.9768000245094299,0.9782999753952026,3.623504161834717,16.162906169891357,348032000000,1392128.0,1.0000243186950684,1.0000044107437134,1.000002145767212,1.0000025033950806,mnist,6,256,1.0000017881393433,1.0000016689300537,1.0000016689300537,1.0
bp,1,6,532490,0.9986000061035156,0.9811999797821045,0.9803000092506409,3.656229257583618,19.819135427474976,417638400000,1392128.0,1.0000340938568115,1.0000057220458984,1.000002145767212,1.0000022649765015,mnist,6,256,1.0000019073486328,1.0000015497207642,1.0000004768371582,1.0
bp,1,7,532490,0.9988999962806702,0.9814000129699707,0.9803000092506409,3.8627266883850098,23.681862115859985,487244800000,1392128.0,1.0000274181365967,1.0000052452087402,1.0000020265579224,1.000002384185791,mnist,6,256,1.0000019073486328,1.0000004768371582,1.000001072883606,1.0
bp,1,8,532490,0.9993000030517578,0.9815000295639038,0.9797999858856201,3.877554416656494,27.55941653251648,556851200000,1392128.0,1.0000237226486206,1.0000054836273193,1.0000026226043701,1.000002384185791,mnist,6,256,1.0000017881393433,1.0000015497207642,1.000001311302185,1.0
fa,0,0,532490,0.08709999918937683,0.08479999750852585,0.09109999984502792,0.0,0.0,0,0.0,0.10567914694547653,-0.09211277961730957,0.020780086517333984,-0.036535605788230896,mnist,6,256,-0.08111763000488281,-0.03233372047543526,-0.047677166759967804,1.0000001192092896
fa,0,1,532490,0.4327999949455261,0.43130001425743103,0.43860000371932983,2.547893762588501,2.547893762588501,69606400000,1392128.0,0.9361536502838135,0.1629963517189026,0.29773083329200745,0.47360414266586304,mnist,6,256,0.34816786646842957,0.31471681594848633,-0.3847542405128479,0.9999999403953552
fa,0,2,532490,0.39899998903274536,0.4041000008583069,0.4108999967575073,2.860401153564453,5.408294916152954,139212800000,1392128.0,0.9789965152740479,0.34939858317375183,0.28698456287384033,0.33628496527671814,mnist,6,256,0.255737841129303,0.2857701778411865,0.34247636795043945,1.0
fa,0,3,532490,0.8050000071525574,0.8324000239372253,0.821399986743927,4.140186071395874,9.548480987548828,208819200000,1392128.0,0.975091278553009,0.4019857943058014,0.4970908463001251,0.6169169545173645,mnist,6,256,0.53521329164505,0.3512289524078369,-0.009193995967507362,1.0
fa,0,4,532490,0.807200014591217,0.8154000043869019,0.8154000043869019,3.9398131370544434,13.488294124603271,278425600000,1392128.0,0.9737434983253479,0.3807530999183655,0.33100372552871704,0.36174139380455017,mnist,6,256,0.3160374164581299,-0.008880295790731907,-0.12490563094615936,0.9999998211860657
fa,0,5,532490,0.7540000081062317,0.7682999968528748,0.7609999775886536,4.011462688446045,17.499756813049316,348032000000,1392128.0,0.9630353450775146,0.03533941134810448,0.06919233500957489,0.013024820014834404,mnist,6,256,0.08100251853466034,0.08876803517341614,-0.2123107612133026,0.9999999403953552
fa,0,6,532490,0.8482000231742859,0.8686000108718872,0.8590999841690063,4.2044596672058105,21.704216480255127,417638400000,1392128.0,0.9646317958831787,0.3251534104347229,0.28731849789619446,0.41221582889556885,mnist,6,256,0.31347543001174927,0.21802011132240295,-0.18888041377067566,1.0000001192092896
fa,0,7,532490,0.8634999990463257,0.8805000185966492,0.8773999810218811,4.117529392242432,25.82174587249756,487244800000,1392128.0,0.9769733548164368,0.3415526747703552,0.30036360025405884,0.29726654291152954,mnist,6,256,0.31143832206726074,0.0629468709230423,-0.10953236371278763,0.9999999403953552
fa,0,8,532490,0.8701000213623047,0.8844000101089478,0.8790000081062317,4.1772401332855225,29.99898600578308,556851200000,1392128.0,0.9592018127441406,0.28419923782348633,0.24052920937538147,0.34761184453964233,mnist,6,256,0.24047383666038513,0.04343549907207489,-0.12294182926416397,1.000000238418579
fa,1,0,532490,0.13019999861717224,0.13330000638961792,0.13230000436306,0.0,0.0,0,0.0,0.1751355677843094,0.018256139010190964,0.08156093955039978,0.08632303029298782,mnist,6,256,0.07674679905176163,0.0762859582901001,-0.07561692595481873,0.9999998807907104
fa,1,1,532490,0.6777999997138977,0.7156000137329102,0.7001000046730042,2.6535260677337646,2.6535260677337646,69606400000,1392128.0,0.9270557165145874,0.4779910743236542,0.49479636549949646,0.5514205098152161,mnist,6,256,0.4627896845340729,0.41130781173706055,0.1779557317495346,1.0000001192092896
fa,1,2,532490,0.7721999883651733,0.7888000011444092,0.7835000157356262,2.9396793842315674,5.593205451965332,139212800000,1392128.0,0.9377782344818115,0.19742940366268158,0.19621634483337402,0.1706669181585312,mnist,6,256,0.20773062109947205,0.45259150862693787,-0.05111860856413841,1.0000001192092896
fa,1,3,532490,0.809499979019165,0.8374999761581421,0.8246999979019165,4.381414413452148,9.97461986541748,208819200000,1392128.0,0.9585499167442322,0.4444345533847809,0.4398871064186096,0.37345707416534424,mnist,6,256,0.45890602469444275,0.3812028765678406,0.06734718382358551,1.0
fa,1,4,532490,0.8428999781608582,0.8618999719619751,0.8519999980926514,4.088515281677246,14.063135147094727,278425600000,1392128.0,0.9627627730369568,0.36025846004486084,0.4619756042957306,0.45792827010154724,mnist,6,256,0.5818057060241699,0.43996742367744446,-0.005143372807651758,1.0000001192092896
fa,1,5,532490,0.8766000270843506,0.8968999981880188,0.8812999725341797,4.055211067199707,18.118346214294434,348032000000,1392128.0,0.9578768014907837,0.46631407737731934,0.46770232915878296,0.34482863545417786,mnist,6,256,0.23806418478488922,0.19532893598079681,0.05065144598484039,0.9999999403953552
fa,1,6,532490,0.8962000012397766,0.9039000272750854,0.9009000062942505,4.046418905258179,22.164765119552612,417638400000,1392128.0,0.9570263624191284,0.36961665749549866,0.4302658438682556,0.32005077600479126,mnist,6,256,0.18596765398979187,0.27741870284080505,-0.06224225088953972,0.9999999403953552
fa,1,7,532490,0.8977000117301941,0.9132999777793884,0.9053000211715698,4.1178460121154785,26.28261113166809,487244800000,1392128.0,0.9698171615600586,0.3866119682788849,0.419288694858551,0.40660330653190613,mnist,6,256,0.5363052487373352,0.3783533573150635,-0.09353788942098618,1.0
fa,1,8,532490,0.8988999724388123,0.9140999913215637,0.904699981212616,4.097432374954224,30.380043506622314,556851200000,1392128.0,0.9695650339126587,0.28920140862464905,0.21747630834579468,0.21625883877277374,mnist,6,256,0.2573913335800171,0.035415295511484146,0.035624582320451736,1.0
dfa,0,0,532490,0.08709999918937683,0.08479999750852585,0.09109999984502792,0.0,0.0,0,0.0,-0.007798065431416035,-0.08981489390134811,-0.040459148585796356,-0.024914365261793137,mnist,6,256,0.0033834041096270084,0.001012500491924584,-0.06259029358625412,1.0000001192092896
dfa,0,1,532490,0.7706000208854675,0.786899983882904,0.781000018119812,2.3588502407073975,2.3588502407073975,53862400000,1077248.0,0.8073892593383789,0.6958478689193726,0.7187528610229492,0.650676965713501,mnist,6,256,0.5970143675804138,0.5076760649681091,0.22919689118862152,1.0
dfa,0,2,532490,0.8213000297546387,0.8393999934196472,0.8382999897003174,2.7835803031921387,5.142430543899536,107724800000,1077248.0,0.8280252814292908,0.6900632381439209,0.6262330412864685,0.5365211367607117,mnist,6,256,0.3951707184314728,0.297675222158432,-0.15060457587242126,0.9999999403953552
dfa,0,3,532490,0.8902000188827515,0.9016000032424927,0.8955000042915344,3.8361289501190186,8.978559494018555,161587200000,1077248.0,0.8686332106590271,0.6553351283073425,0.592376172542572,0.5198816657066345,mnist,6,256,0.49719953536987305,0.35509419441223145,-0.04604240506887436,1.0000001192092896
dfa,0,4,532490,0.8927000164985657,0.9089999794960022,0.9007999897003174,3.8053314685821533,12.783890962600708,215449600000,1077248.0,0.8770089745521545,0.680103063583374,0.7480274438858032,0.6909449100494385,mnist,6,256,0.6135349273681641,0.35130858421325684,-0.04415769875049591,1.0
dfa,0,5,532490,0.9079999923706055,0.9211000204086304,0.913100004196167,3.6686270236968994,16.452517986297607,269312000000,1077248.0,0.86882483959198,0.684302031993866,0.6874533891677856,0.5376883745193481,mnist,6,256,0.4809747040271759,0.47335052490234375,0.16157659888267517,0.9999999403953552
dfa,0,6,532490,0.9053000211715698,0.9143999814987183,0.9071000218391418,3.829677104949951,20.28219509124756,323174400000,1077248.0,0.8529016375541687,0.6857537031173706,0.6139152646064758,0.42932671308517456,mnist,6,256,0.32368242740631104,0.2028978317975998,-0.13513004779815674,0.9999997615814209
dfa,0,7,532490,0.9186999797821045,0.9251000285148621,0.9190000295639038,3.7789411544799805,24.06113624572754,377036800000,1077248.0,0.8639634251594543,0.6277211308479309,0.5862645506858826,0.4504731297492981,mnist,6,256,0.3944341540336609,0.13310007750988007,-0.026473071426153183,1.0
dfa,0,8,532490,0.9212999939918518,0.9273999929428101,0.9226999878883362,3.646148443222046,27.707284688949585,430899200000,1077248.0,0.8498905301094055,0.6058906316757202,0.6176835894584656,0.5055689811706543,mnist,6,256,0.5056520104408264,0.25492051243782043,0.008537258952856064,1.0000001192092896
dfa,1,0,532490,0.13019999861717224,0.13330000638961792,0.13230000436306,0.0,0.0,0,0.0,0.003474122378975153,-0.02023380622267723,-0.06508141756057739,-0.046568259596824646,mnist,6,256,0.0007049813866615295,-0.08236069232225418,-0.02763175591826439,0.9999998807907104
dfa,1,1,532490,0.6115999817848206,0.6402000188827515,0.6086000204086304,2.3844759464263916,2.3844759464263916,53862400000,1077248.0,0.7421332597732544,0.3152870833873749,0.3618837594985962,0.44845330715179443,mnist,6,256,0.17430567741394043,0.4076685905456543,-0.09675812721252441,0.9999997615814209
dfa,1,2,532490,0.8212000131607056,0.8508999943733215,0.8366000056266785,2.518712043762207,4.903187990188599,107724800000,1077248.0,0.7898925542831421,0.7253541946411133,0.724259614944458,0.6663954854011536,mnist,6,256,0.5649966597557068,0.7026702165603638,-0.01664011925458908,1.0000001192092896
dfa,1,3,532490,0.8827999830245972,0.8967999815940857,0.8914999961853027,3.8923354148864746,8.795523405075073,161587200000,1077248.0,0.7792723178863525,0.6025486588478088,0.5287566184997559,0.4836896061897278,mnist,6,256,0.4910227358341217,0.44883209466934204,0.11912195384502411,1.0
dfa,1,4,532490,0.883899986743927,0.9032999873161316,0.8880000114440918,3.7772023677825928,12.572725772857666,215449600000,1077248.0,0.7582139372825623,0.8013132214546204,0.7825600504875183,0.7288867831230164,mnist,6,256,0.6791177988052368,0.5147035121917725,0.06942955404520035,0.9999999403953552
dfa,1,5,532490,0.9074000120162964,0.9229999780654907,0.9160000085830688,3.7913641929626465,16.364089965820312,269312000000,1077248.0,0.7991706132888794,0.6046236753463745,0.5385256409645081,0.46080175042152405,mnist,6,256,0.36382433772087097,0.37171798944473267,-0.13170085847377777,1.0000001192092896
dfa,1,6,532490,0.9014999866485596,0.9115999937057495,0.907800018787384,3.7602834701538086,20.12437343597412,323174400000,1077248.0,0.7894245386123657,0.4856925308704376,0.4412851631641388,0.36530494689941406,mnist,6,256,0.363480806350708,0.4114261269569397,-0.11435122042894363,1.0000001192092896
dfa,1,7,532490,0.9153000116348267,0.9254000186920166,0.9225000143051147,3.7661004066467285,23.89047384262085,377036800000,1077248.0,0.7502303123474121,0.45547327399253845,0.4216073453426361,0.30568286776542664,mnist,6,256,0.2484384924173355,0.2792695462703705,-0.1823853999376297,0.9999998807907104
dfa,1,8,532490,0.9176999926567078,0.9275000095367432,0.9225999712944031,3.754901170730591,27.64537501335144,430899200000,1077248.0,0.7565749883651733,0.48881465196609497,0.45961835980415344,0.36136624217033386,mnist,6,256,0.2820394039154053,0.395406037569046,-0.13791024684906006,1.0
dtp,0,0,861450,0.09669999778270721,0.09520000219345093,0.09629999846220016,0.0,0.0,0,0.0,0.2834206819534302,0.024852123111486435,-0.031408920884132385,-0.06300650537014008,mnist,6,256,-0.008233367465436459,-0.001778164878487587,1.0000003576278687,1.0
dtp,0,1,861450,0.506600022315979,0.5128999948501587,0.5133000016212463,4.787681818008423,4.787681818008423,135142400000,2702848.0,0.7682617902755737,0.2131105363368988,0.09691184014081955,0.16623437404632568,mnist,6,256,0.3214721381664276,0.23981134593486786,1.0000044107437134,1.0
dtp,0,2,861450,0.44999998807907104,0.45820000767707825,0.459199994802475,4.750741720199585,9.538423538208008,270284800000,2702848.0,0.7607776522636414,0.0835832953453064,0.03128411993384361,0.05268099904060364,mnist,6,256,0.028105570003390312,-0.0006343871937133372,1.000005841255188,1.0000007152557373
dtp,0,3,861450,0.376800000667572,0.3801000118255615,0.37450000643730164,4.933581352233887,14.472004890441895,405427200000,2702848.0,0.5578710436820984,0.0499320849776268,0.008132943883538246,-0.0006092379917390645,mnist,6,256,0.0010637416271492839,0.00019947424880228937,1.0000019073486328,0.9999998807907104
dtp,0,4,861450,0.35679998993873596,0.36500000953674316,0.36230000853538513,5.263270378112793,19.735275268554688,540569600000,2702848.0,0.25198277831077576,-0.02571992576122284,-0.0014778673648834229,-0.03831624239683151,mnist,6,256,0.0002706363156903535,-0.00023001017689239234,1.000000238418579,0.9999998211860657
dtp,0,5,861450,0.3407999873161316,0.35499998927116394,0.3449000120162964,6.649516344070435,26.384791612625122,675712000000,2702848.0,0.25841420888900757,-0.003972876816987991,0.0047063566744327545,3.2278901926474646e-05,mnist,6,256,0.0002761788491625339,-0.0005903581622987986,1.000001311302185,0.9999994039535522
dtp,0,6,861450,0.3788999915122986,0.3874000012874603,0.3752000033855438,6.237444639205933,32.622236251831055,810854400000,2702848.0,0.16403503715991974,0.005743385758250952,0.0004688201588578522,-0.0035621647257357836,mnist,6,256,1.3233100617071614e-05,0.00029341058689169586,1.0000011920928955,1.0000008344650269
dtp,0,7,861450,0.3986000120639801,0.4122999906539917,0.4050999879837036,6.169278144836426,38.79151439666748,945996800000,2702848.0,0.3166807293891907,-0.06521932035684586,-0.056861910969018936,-0.42475426197052,mnist,6,256,0.00010235882655251771,8.29743585200049e-05,1.0000009536743164,0.9999991655349731
dtp,0,8,861450,0.4072999954223633,0.4124000072479248,0.4068000018596649,6.453519344329834,45.245033740997314,1081139200000,2702848.0,0.2528496980667114,-0.09653545171022415,0.05694808438420296,-0.05790223926305771,mnist,6,256,-0.00011545899178599939,0.00024078888236545026,1.000000238418579,1.0000007152557373
dtp,1,0,861450,0.1289999932050705,0.12229999899864197,0.12449999898672104,0.0,0.0,0,0.0,0.2803780734539032,-0.009902603924274445,0.05754951760172844,0.03740302845835686,mnist,6,256,-0.03224159777164459,0.02359957806766033,0.9999999403953552,1.0000001192092896
dtp,1,1,861450,0.10029999911785126,0.09910000115633011,0.09799999743700027,5.057342529296875,5.057342529296875,135142400000,2702848.0,0.9985817074775696,0.027783943340182304,0.02857918292284012,0.5498886108398438,mnist,6,256,0.026439594104886055,0.035426586866378784,1.0000048875808716,1.0000001192092896
dtp,1,2,861450,0.1031000018119812,0.10300000011920929,0.10100000351667404,5.132990598678589,10.190333127975464,270284800000,2702848.0,0.9999707937240601,0.03116171807050705,-0.21165724098682404,-0.24322301149368286,mnist,6,256,0.013101664371788502,0.01802116073668003,1.0000044107437134,0.9999998807907104
dtp,1,3,861450,0.08990000188350677,0.09149999916553497,0.08919999748468399,7.246884346008301,17.437217473983765,405427200000,2702848.0,0.9999524354934692,0.12476161867380142,0.04253702983260155,-0.18427994847297668,mnist,6,256,-0.289842426776886,0.613216757774353,1.000003695487976,1.0
dtp,1,4,861450,0.08990000188350677,0.09149999916553497,0.08919999748468399,7.045360326766968,24.482577800750732,540569600000,2702848.0,0.9999798536300659,-0.04341037571430206,0.18272122740745544,-0.06229241564869881,mnist,6,256,0.1967923492193222,-0.38200148940086365,1.0000056028366089,0.9999999403953552
dtp,1,5,861450,0.10050000250339508,0.09669999778270721,0.0957999974489212,6.70559287071228,31.188170671463013,675712000000,2702848.0,0.9999734163284302,0.027915971353650093,0.06301391869783401,0.055351726710796356,mnist,6,256,0.24824151396751404,-0.10609569400548935,1.0000041723251343,0.9999998807907104
dtp,1,6,861450,0.10660000145435333,0.10639999806880951,0.11349999904632568,6.900043487548828,38.08821415901184,810854400000,2702848.0,0.9987944960594177,0.15702706575393677,-0.07557611912488937,-0.2772606611251831,mnist,6,256,0.003636613255366683,0.014857352711260319,1.0000046491622925,0.9999998807907104
dtp,1,7,861450,0.10660000145435333,0.10639999806880951,0.11349999904632568,6.759810447692871,44.84802460670471,945996800000,2702848.0,0.9465324878692627,0.030849438160657883,-0.11809488385915756,0.06660240888595581,mnist,6,256,0.10252002626657486,-0.41461440920829773,1.0000112056732178,1.0000001192092896
dtp,1,8,861450,0.10660000145435333,0.10639999806880951,0.11349999904632568,6.7603983879089355,51.60842299461365,1081139200000,2702848.0,0.9504669308662415,0.038305897265672684,0.08801784366369247,0.19278210401535034,mnist,6,256,-0.004957880824804306,-0.08002977818250656,1.0000067949295044,1.0000001192092896
eqprop,0,0,532490,0.08630000054836273,0.08349999785423279,0.0877000018954277,0.0,0.0,0,0.0,0.49123987555503845,0.003931896761059761,-0.08456885814666748,-0.13112269341945648,mnist,6,256,0.04108545184135437,0.3259575366973877,0.46500101685523987,0.5270563960075378
eqprop,0,1,532490,0.8528000116348267,0.8690999746322632,0.8634999990463257,107.94165563583374,107.94165563583374,6538521600000,130770432.0,0.6294723153114319,0.6780192852020264,0.7575482130050659,0.8297079205513,mnist,6,256,0.7516998648643494,0.5803658366203308,0.6109707355499268,0.7206801772117615
eqprop,0,2,532490,0.9182999730110168,0.9200999736785889,0.9218000173568726,109.33164739608765,217.2733030319214,13077043200000,130770432.0,0.5193506479263306,0.5520450472831726,0.6140363812446594,0.6303253173828125,mnist,6,256,0.6851156949996948,0.7440505623817444,0.7755563259124756,0.7994775176048279
eqprop,0,3,532490,0.9304999709129333,0.9362999796867371,0.9319000244140625,111.12389588356018,328.39719891548157,19615564800000,130770432.0,0.317964643239975,0.6722836494445801,0.7392565011978149,0.6523727178573608,mnist,6,256,0.5844634175300598,0.2010190486907959,0.4199293553829193,-0.030624235048890114
eqprop,0,4,532490,0.9380999803543091,0.9387000203132629,0.9375,111.03857374191284,439.4357726573944,26154086400000,130770432.0,0.19105300307273865,0.2960934340953827,0.376036673784256,0.4784230589866638,mnist,6,256,0.6777387261390686,0.6314515471458435,0.5001688003540039,0.2971821427345276
eqprop,0,5,532490,0.9544000029563904,0.9550999999046326,0.9526000022888184,111.23746991157532,550.6732425689697,32692608000000,130770432.0,0.43123793601989746,0.26279476284980774,0.31851309537887573,0.29731976985931396,mnist,6,256,0.5132408738136292,0.4959028959274292,0.7262849807739258,0.6570619940757751
eqprop,0,6,532490,0.9613000154495239,0.9580000042915344,0.9574000239372253,112.0288827419281,662.7021253108978,39231129600000,130770432.0,0.0570988804101944,0.4236777126789093,0.39554563164711,0.39373525977134705,mnist,6,256,0.3276022672653198,0.11843302845954895,-0.283957839012146,-0.17521081864833832
eqprop,0,7,532490,0.9632999897003174,0.9589999914169312,0.9588000178337097,111.20395684242249,773.9060821533203,45769651200000,130770432.0,0.33211129903793335,0.6601311564445496,0.6954336762428284,0.6328765749931335,mnist,6,256,0.6008843183517456,0.20705176889896393,0.19729243218898773,0.23651395738124847
eqprop,0,8,532490,0.9635999798774719,0.9599999785423279,0.9587000012397766,109.2247998714447,883.130882024765,52308172800000,130770432.0,0.49243348836898804,0.4730604588985443,0.6120152473449707,0.5945562124252319,mnist,6,256,0.5412536859512329,0.5214186906814575,0.6044571399688721,0.5956255197525024
eqprop,1,0,532490,0.09300000220537186,0.09510000050067902,0.09600000083446503,0.0,0.0,0,0.0,0.6543794870376587,0.513760507106781,0.5147609710693359,0.5122687816619873,mnist,6,256,0.600624144077301,0.6457430124282837,0.6283779144287109,0.5906617045402527
eqprop,1,1,532490,0.22290000319480896,0.2290000021457672,0.22210000455379486,108.55516195297241,108.55516195297241,6538521600000,130770432.0,-0.23849746584892273,0.7732990384101868,0.9445223212242126,0.7786290645599365,mnist,6,256,0.8305710554122925,-0.038666289299726486,-0.4207121729850769,-0.3365749716758728
eqprop,1,2,532490,0.2752000093460083,0.28619998693466187,0.27869999408721924,107.95990133285522,216.51506328582764,13077043200000,130770432.0,-0.1997080147266388,0.039875578135252,0.045041054487228394,0.020711617544293404,mnist,6,256,-0.03920549526810646,-0.1337093561887741,-0.3153214156627655,-0.362141489982605
eqprop,1,3,532490,0.20489999651908875,0.2029999941587448,0.20960000157356262,109.81865096092224,326.3337142467499,19615564800000,130770432.0,0.19029882550239563,2.598743265025405e-07,1.4831955468253e-06,1.604090698492655e-06,mnist,6,256,1.2447203516785521e-05,1.2715235016003135e-06,0.3167334198951721,0.12532423436641693
eqprop,1,4,532490,0.23319999873638153,0.23170000314712524,0.24660000205039978,108.0078194141388,434.3415336608887,26154086400000,130770432.0,0.8961359858512878,-0.27942126989364624,-0.18431776762008667,-0.3703061640262604,mnist,6,256,0.44447678327560425,0.9551076292991638,0.9410192966461182,0.8312735557556152
eqprop,1,5,532490,0.17630000412464142,0.17560000717639923,0.17810000479221344,108.44683051109314,542.7883641719818,32692608000000,130770432.0,0.20796029269695282,-0.06385506689548492,0.2007981836795807,0.8004224300384521,mnist,6,256,0.9954618811607361,0.9990901947021484,0.2232021689414978,0.16758832335472107
eqprop,1,6,532490,0.24279999732971191,0.2451000064611435,0.24210000038146973,107.89790940284729,650.6862735748291,39231129600000,130770432.0,-0.2360917031764984,0.0480748787522316,-0.04868130385875702,-0.009849503636360168,mnist,6,256,-0.4891647696495056,-0.9498921632766724,-0.2198651134967804,-0.24579425156116486
eqprop,1,7,532490,0.24950000643730164,0.25130000710487366,0.2425999939441681,108.81367707252502,759.4999506473541,45769651200000,130770432.0,-0.37539154291152954,0.019427571445703506,0.014406008645892143,0.0619109682738781,mnist,6,256,0.3839481770992279,0.20503680408000946,-0.4208143651485443,-0.280821830034256
eqprop,1,8,532490,0.2167000025510788,0.21899999678134918,0.21639999747276306,107.69526743888855,867.1952180862427,52308172800000,130770432.0,-0.1036919504404068,-0.05123789235949516,-0.026148317381739616,0.008991041220724583,mnist,6,256,-0.3634645342826843,-0.7997762560844421,-0.08445406705141068,-0.11181037127971649
