seed,beta,cos_centered,cos_onesided
0,1.0,-0.4787271022796631,0.26585665345191956
0,0.5,0.18370288610458374,0.7797173857688904
0,0.25,0.7116707563400269,0.8329275250434875
0,0.1,0.9407551884651184,0.935381293296814
0,0.05,0.9900027513504028,0.9767903685569763
0,0.02,0.9971215128898621,0.9921063184738159
0,0.01,0.9988490343093872,0.9968470931053162
1,1.0,0.13061752915382385,0.2129516899585724
1,0.5,0.37409892678260803,0.7135677933692932
1,0.25,0.7123003602027893,0.7929489612579346
1,0.1,0.9515543580055237,0.8976402878761292
1,0.05,0.9875553250312805,0.9605860710144043
1,0.02,0.9970435500144958,0.9893926978111267
1,0.01,0.9985203146934509,0.9960752725601196
2,1.0,-0.375759482383728,0.2006600797176361
2,0.5,0.10558555275201797,0.5671461820602417
2,0.25,0.46366432309150696,0.6237238049507141
2,0.1,0.8259714245796204,0.8139922618865967
2,0.05,0.9707019329071045,0.921950101852417
2,0.02,0.9948357343673706,0.9790472984313965
2,0.01,0.9972241520881653,0.9928773045539856
