method,seed,epoch,n_params,train_acc,val_acc,test_acc,epoch_time_s,cum_time_s,cum_macs,macs_per_sample,dataset
ff,0,0,893500,0.08980000019073486,0.09369999915361404,0.0917000025510788,0.0,0.0,0,0.0,mnist
ff,0,1,893500,0.8974000215530396,0.9110999703407288,0.9016000032424927,5.054121017456055,5.054121017456055,178400000000,3568000.0,mnist
ff,0,2,893500,0.8942000269889832,0.9059000015258789,0.9003000259399414,5.0349836349487305,10.089104652404785,356800000000,3568000.0,mnist
ff,0,3,893500,0.9099000096321106,0.9218999743461609,0.91839998960495,5.694403648376465,15.78350830078125,535200000000,3568000.0,mnist
ff,0,4,893500,0.9039999842643738,0.9078999757766724,0.904699981212616,5.983490467071533,21.766998767852783,713600000000,3568000.0,mnist
ff,0,5,893500,0.9235000014305115,0.9284999966621399,0.9246000051498413,6.333287000656128,28.10028576850891,892000000000,3568000.0,mnist
ff,0,6,893500,0.9290000200271606,0.9352999925613403,0.9327999949455261,6.520243883132935,34.620529651641846,1070400000000,3568000.0,mnist
ff,0,7,893500,0.9193999767303467,0.92330002784729,0.9217000007629395,6.870274543762207,41.49080419540405,1248800000000,3568000.0,mnist
ff,0,8,893500,0.930899977684021,0.9351999759674072,0.9315000176429749,6.886386156082153,48.377190351486206,1427200000000,3568000.0,mnist
ff,0,9,893500,0.9372000098228455,0.9375,0.9350000023841858,6.96804404258728,55.345234394073486,1605600000000,3568000.0,mnist
ff,0,10,893500,0.9388999938964844,0.9358999729156494,0.9363999962806702,7.2938621044158936,62.63909649848938,1784000000000,3568000.0,mnist
ff,0,11,893500,0.9387000203132629,0.9406999945640564,0.9369999766349792,6.944435358047485,69.58353185653687,1962400000000,3568000.0,mnist
ff,0,12,893500,0.9419999718666077,0.9419999718666077,0.9368000030517578,7.369643449783325,76.95317530632019,2140800000000,3568000.0,mnist
ff,0,13,893500,0.9420999884605408,0.9426000118255615,0.9399999976158142,7.659257173538208,84.6124324798584,2319200000000,3568000.0,mnist
ff,0,14,893500,0.9433000087738037,0.9433000087738037,0.9441999793052673,7.566166877746582,92.17859935760498,2497600000000,3568000.0,mnist
ff,0,15,893500,0.9442999958992004,0.944100022315979,0.9427000284194946,7.1748528480529785,99.35345220565796,2676000000000,3568000.0,mnist
ff,0,16,893500,0.9430999755859375,0.9422000050544739,0.9422000050544739,7.345452070236206,106.69890427589417,2854400000000,3568000.0,mnist
ff,0,17,893500,0.9448000192642212,0.9441999793052673,0.9412999749183655,7.275119781494141,113.9740240573883,3032800000000,3568000.0,mnist
ff,0,18,893500,0.9447000026702881,0.9445000290870667,0.9429000020027161,7.512593030929565,121.48661708831787,3211200000000,3568000.0,mnist
ff,0,19,893500,0.945900022983551,0.9452000260353088,0.9430000185966492,7.638225793838501,129.12484288215637,3389600000000,3568000.0,mnist
ff,0,20,893500,0.9460999965667725,0.9448000192642212,0.9430999755859375,7.399172306060791,136.52401518821716,3568000000000,3568000.0,mnist
ff,1,0,893500,0.08810000121593475,0.08959999680519104,0.08699999749660492,0.0,0.0,0,0.0,mnist
ff,1,1,893500,0.8956999778747559,0.9083999991416931,0.9010000228881836,4.696871280670166,4.696871280670166,178400000000,3568000.0,mnist
ff,1,2,893500,0.9060999751091003,0.9169999957084656,0.9146000146865845,4.992895841598511,9.689767122268677,356800000000,3568000.0,mnist
ff,1,3,893500,0.8919000029563904,0.8967999815940857,0.8938000202178955,5.61564302444458,15.305410146713257,535200000000,3568000.0,mnist
ff,1,4,893500,0.91839998960495,0.9273999929428101,0.9187999963760376,6.177993535995483,21.48340368270874,713600000000,3568000.0,mnist
ff,1,5,893500,0.9175000190734863,0.9258999824523926,0.9180999994277954,6.6631410121917725,28.146544694900513,892000000000,3568000.0,mnist
ff,1,6,893500,0.9140999913215637,0.9203000068664551,0.9153000116348267,6.798792839050293,34.945337533950806,1070400000000,3568000.0,mnist
ff,1,7,893500,0.9348999857902527,0.9380000233650208,0.9318000078201294,6.876873970031738,41.822211503982544,1248800000000,3568000.0,mnist
ff,1,8,893500,0.9276000261306763,0.933899998664856,0.9289000034332275,7.232037544250488,49.05424904823303,1427200000000,3568000.0,mnist
ff,1,9,893500,0.9423999786376953,0.9465000033378601,0.9394000172615051,6.987695932388306,56.04194498062134,1605600000000,3568000.0,mnist
ff,1,10,893500,0.9381999969482422,0.9424999952316284,0.9375,7.064745664596558,63.106690645217896,1784000000000,3568000.0,mnist
ff,1,11,893500,0.9409000277519226,0.9399999976158142,0.9384999871253967,7.078354597091675,70.18504524230957,1962400000000,3568000.0,mnist
ff,1,12,893500,0.9419999718666077,0.9429000020027161,0.9402999877929688,7.389086723327637,77.5741319656372,2140800000000,3568000.0,mnist
ff,1,13,893500,0.9431999921798706,0.944599986076355,0.9429000020027161,7.024182558059692,84.5983145236969,2319200000000,3568000.0,mnist
ff,1,14,893500,0.9448000192642212,0.9470999836921692,0.9429000020027161,7.502344131469727,92.10065865516663,2497600000000,3568000.0,mnist
ff,1,15,893500,0.9448000192642212,0.9467999935150146,0.9426000118255615,7.074011564254761,99.17467021942139,2676000000000,3568000.0,mnist
ff,1,16,893500,0.9445000290870667,0.9480000138282776,0.9455000162124634,7.344465255737305,106.51913547515869,2854400000000,3568000.0,mnist
ff,1,17,893500,0.945900022983551,0.9478999972343445,0.9451000094413757,7.394961595535278,113.91409707069397,3032800000000,3568000.0,mnist
ff,1,18,893500,0.9467999935150146,0.9490000009536743,0.9447000026702881,7.58951735496521,121.50361442565918,3211200000000,3568000.0,mnist
ff,1,19,893500,0.9470999836921692,0.948199987411499,0.9452999830245972,7.13328218460083,128.63689661026,3389600000000,3568000.0,mnist
ff,1,20,893500,0.9467999935150146,0.9480000138282776,0.9452000260353088,7.116238594055176,135.75313520431519,3568000000000,3568000.0,mnist
ff,2,0,893500,0.054999999701976776,0.05119999870657921,0.05310000106692314,0.0,0.0,0,0.0,mnist
ff,2,1,893500,0.8690000176429749,0.8862000107765198,0.8812000155448914,4.338266849517822,4.338266849517822,178400000000,3568000.0,mnist
ff,2,2,893500,0.90420001745224,0.91839998960495,0.9107999801635742,4.922970533370972,9.261237382888794,356800000000,3568000.0,mnist
ff,2,3,893500,0.8949999809265137,0.9056000113487244,0.902899980545044,5.833451747894287,15.094689130783081,535200000000,3568000.0,mnist
ff,2,4,893500,0.8899999856948853,0.8931999802589417,0.8916000127792358,5.847115993499756,20.941805124282837,713600000000,3568000.0,mnist
ff,2,5,893500,0.9207000136375427,0.9247000217437744,0.9246000051498413,6.02812647819519,26.969931602478027,892000000000,3568000.0,mnist
ff,2,6,893500,0.9329000115394592,0.9352999925613403,0.9337999820709229,6.729489088058472,33.6994206905365,1070400000000,3568000.0,mnist
ff,2,7,893500,0.932699978351593,0.9327999949455261,0.9300000071525574,6.518954038619995,40.218374729156494,1248800000000,3568000.0,mnist
ff,2,8,893500,0.9437999725341797,0.9423999786376953,0.9406999945640564,6.752875804901123,46.97125053405762,1427200000000,3568000.0,mnist
ff,2,9,893500,0.9297999739646912,0.9340000152587891,0.9298999905586243,6.9453065395355225,53.91655707359314,1605600000000,3568000.0,mnist
ff,2,10,893500,0.9433000087738037,0.9451000094413757,0.9391999840736389,7.161818027496338,61.07837510108948,1784000000000,3568000.0,mnist
ff,2,11,893500,0.9416000247001648,0.9394999742507935,0.9398000240325928,6.99970555305481,68.07808065414429,1962400000000,3568000.0,mnist
ff,2,12,893500,0.9386000037193298,0.9416999816894531,0.939300000667572,7.1887617111206055,75.26684236526489,2140800000000,3568000.0,mnist
ff,2,13,893500,0.9417999982833862,0.9426000118255615,0.9415000081062317,7.19365668296814,82.46049904823303,2319200000000,3568000.0,mnist
ff,2,14,893500,0.9485999941825867,0.9451000094413757,0.9429000020027161,7.158039569854736,89.61853861808777,2497600000000,3568000.0,mnist
ff,2,15,893500,0.9472000002861023,0.9451000094413757,0.942799985408783,7.27243709564209,96.89097571372986,2676000000000,3568000.0,mnist
ff,2,16,893500,0.9465000033378601,0.9442999958992004,0.9433000087738037,7.718259811401367,104.60923552513123,2854400000000,3568000.0,mnist
ff,2,17,893500,0.9462000131607056,0.9437999725341797,0.9422000050544739,7.374756574630737,111.98399209976196,3032800000000,3568000.0,mnist
ff,2,18,893500,0.9465000033378601,0.9442999958992004,0.9424999952316284,7.245744705200195,119.22973680496216,3211200000000,3568000.0,mnist
ff,2,19,893500,0.9480999708175659,0.9449999928474426,0.942300021648407,7.224929094314575,126.45466589927673,3389600000000,3568000.0,mnist
ff,2,20,893500,0.948199987411499,0.9449999928474426,0.9420999884605408,7.268954753875732,133.72362065315247,3568000000000,3568000.0,mnist
