method,seed,epoch,n_params,train_acc,val_acc,test_acc,epoch_time_s,cum_time_s,cum_macs,macs_per_sample,cos_all,cos_l0,cos_l1,cos_l2,dataset
spsa,0,0,235146,0.1316000074148178,0.1371999979019165,0.13699999451637268,0.0,0.0,0,0.0,0.009830676019191742,0.009132008999586105,0.008678073063492775,0.060201674699783325,mnist
spsa,0,1,235146,0.6754000186920166,0.7121999859809875,0.7005000114440918,14.90212368965149,14.90212368965149,375603200000,7512064.0,0.0064398483373224735,0.004013909958302975,0.01137095969170332,0.05783289298415184,mnist
spsa,0,2,235146,0.796999990940094,0.824400007724762,0.814300000667572,14.9082772731781,29.81040096282959,751206400000,7512064.0,0.007004502695053816,0.004134527873247862,0.01442053634673357,0.025648055598139763,mnist
spsa,0,3,235146,0.8420000076293945,0.8628000020980835,0.8493000268936157,14.212703227996826,44.023104190826416,1126809600000,7512064.0,0.00979774259030819,0.0038968450389802456,0.021126477047801018,0.09319619089365005,mnist
spsa,0,4,235146,0.8593000173568726,0.8755999803543091,0.8708000183105469,14.841763496398926,58.86486768722534,1502412800000,7512064.0,0.0052047125063836575,0.003734951838850975,0.01075427234172821,0.022206272929906845,mnist
spsa,0,5,235146,0.8708999752998352,0.885699987411499,0.8815000057220459,14.691380977630615,73.55624866485596,1878016000000,7512064.0,0.009502722881734371,0.00851402711123228,0.018458304926753044,0.009054575115442276,mnist
spsa,0,6,235146,0.8781999945640564,0.8906000256538391,0.88919997215271,14.923343181610107,88.47959184646606,2253619200000,7512064.0,0.004267127253115177,0.004279878456145525,0.008308695629239082,-0.006868287920951843,mnist
spsa,0,7,235146,0.8834999799728394,0.892799973487854,0.8927000164985657,14.87690544128418,103.35649728775024,2629222400000,7512064.0,0.009364594705402851,0.004844820126891136,0.02182186394929886,0.04638376832008362,mnist
spsa,0,8,235146,0.886900007724762,0.8956999778747559,0.8952999711036682,14.820852994918823,118.17735028266907,3004825600000,7512064.0,0.008999140001833439,0.008044888265430927,0.010200491175055504,0.041968751698732376,mnist
spsa,0,9,235146,0.8878999948501587,0.9002000093460083,0.8970000147819519,14.747389793395996,132.92474007606506,3380428800000,7512064.0,0.009290358051657677,0.007187316194176674,0.005439923610538244,0.09349753707647324,mnist
spsa,0,10,235146,0.8916000127792358,0.9031999707221985,0.8978000283241272,14.80647611618042,147.73121619224548,3756032000000,7512064.0,0.009064379148185253,0.005311870947480202,0.01578790508210659,0.07798024266958237,mnist
spsa,0,11,235146,0.8928999900817871,0.9047999978065491,0.9031000137329102,14.713679790496826,162.4448959827423,4131635200000,7512064.0,0.007149104494601488,0.006360490806400776,0.002993342000991106,0.07431556284427643,mnist
spsa,0,12,235146,0.8956999778747559,0.9057999849319458,0.902899980545044,14.915744304656982,177.3606402873993,4507238400000,7512064.0,0.008277378045022488,0.005883900448679924,0.015524507500231266,0.03481079638004303,mnist
spsa,0,13,235146,0.8984000086784363,0.9070000052452087,0.9046000242233276,14.650559186935425,192.01119947433472,4882841600000,7512064.0,0.005809640046209097,0.001641936250962317,0.008490584790706635,0.08462613821029663,mnist
spsa,0,14,235146,0.8996000289916992,0.907800018787384,0.9059000015258789,15.362075567245483,207.3732750415802,5258444800000,7512064.0,0.007745930925011635,0.003092213999480009,0.014275554567575455,0.08090199530124664,mnist
spsa,0,15,235146,0.8995000123977661,0.9086999893188477,0.9053999781608582,14.626385927200317,221.99966096878052,5634048000000,7512064.0,0.008091398514807224,0.00724878441542387,0.0045946999453008175,0.0725523978471756,mnist
spsa,0,16,235146,0.8992000222206116,0.9090999960899353,0.9065999984741211,15.263108253479004,237.26276922225952,6009651200000,7512064.0,0.00803140178322792,0.0073174405843019485,0.006187292747199535,0.05466042831540108,mnist
spsa,0,17,235146,0.899399995803833,0.9093000292778015,0.9067000150680542,14.768277645111084,252.0310468673706,6385254400000,7512064.0,0.00711778411641717,0.006811759900301695,0.007567742373794317,0.03661787137389183,mnist
spsa,0,18,235146,0.9002000093460083,0.9100000262260437,0.9070000052452087,15.378088235855103,267.4091351032257,6760857600000,7512064.0,0.006575693842023611,0.006669251713901758,0.002870031166821718,0.05063771456480026,mnist
spsa,0,19,235146,0.8999999761581421,0.9103000164031982,0.9067999720573425,15.0565767288208,282.4657118320465,7136460800000,7512064.0,0.0067204940132796764,0.005280401092022657,0.0056090280413627625,0.06661273539066315,mnist
spsa,0,20,235146,0.8999000191688538,0.9103000164031982,0.9070000052452087,14.85718297958374,297.32289481163025,7512064000000,7512064.0,0.0065831709653139114,0.003272113623097539,0.013686970807611942,0.043508805334568024,mnist
spsa,1,0,235146,0.0869000032544136,0.0771000012755394,0.07840000092983246,0.0,0.0,0,0.0,0.008647830225527287,0.007902820594608784,0.0072607481852173805,0.06461263447999954,mnist
spsa,1,1,235146,0.6970999836921692,0.7099000215530396,0.7088000178337097,14.45082950592041,14.45082950592041,375603200000,7512064.0,0.007841765880584717,0.007356861140578985,0.004783011507242918,0.06090134382247925,mnist
spsa,1,2,235146,0.8154000043869019,0.8359000086784363,0.8287000060081482,14.942975997924805,29.393805503845215,751206400000,7512064.0,0.00608369056135416,0.005810319911688566,0.012645789422094822,0.005856513511389494,mnist
spsa,1,3,235146,0.8496000170707703,0.8701000213623047,0.8622999787330627,14.997543334960938,44.39134883880615,1126809600000,7512064.0,0.005535767879337072,0.006429760251194239,0.004435298033058643,0.017942659556865692,mnist
spsa,1,4,235146,0.8618000149726868,0.8812999725341797,0.8761000037193298,14.699150800704956,59.09049963951111,1502412800000,7512064.0,0.006064458750188351,0.004689644556492567,0.0026124389842152596,0.07152913510799408,mnist
spsa,1,5,235146,0.8727999925613403,0.8907999992370605,0.8824999928474426,14.54059362411499,73.6310932636261,1878016000000,7512064.0,0.007939085364341736,0.0009069877560250461,0.012508266605436802,0.12418162077665329,mnist
spsa,1,6,235146,0.876800000667572,0.8967999815940857,0.8892999887466431,14.80840539932251,88.43949866294861,2253619200000,7512064.0,0.008833399042487144,0.00872725062072277,0.012788884341716766,0.024011967703700066,mnist
spsa,1,7,235146,0.8834999799728394,0.899399995803833,0.8932999968528748,14.649170160293579,103.08866882324219,2629222400000,7512064.0,0.007170608267188072,0.007163328118622303,0.005440478678792715,0.03719165176153183,mnist
spsa,1,8,235146,0.8876000046730042,0.9014999866485596,0.8956000208854675,15.834000587463379,118.92266941070557,3004825600000,7512064.0,0.004669375251978636,0.004290251526981592,0.0037250611931085587,0.03208109363913536,mnist
spsa,1,9,235146,0.891700029373169,0.9014999866485596,0.8967999815940857,14.99172830581665,133.91439771652222,3380428800000,7512064.0,0.006004752591252327,0.00717104272916913,0.0020681412424892187,0.029763391241431236,mnist
spsa,1,10,235146,0.8921999931335449,0.9034000039100647,0.8974999785423279,14.592555046081543,148.50695276260376,3756032000000,7512064.0,0.0075114695355296135,0.0045134830288589,0.01860419660806656,0.023763764649629593,mnist
spsa,1,11,235146,0.8949999809265137,0.9035999774932861,0.9013000130653381,14.507203340530396,163.01415610313416,4131635200000,7512064.0,0.006405631545931101,0.0045168763026595116,0.008952596224844456,0.041468147188425064,mnist
spsa,1,12,235146,0.8964999914169312,0.9057000279426575,0.9017999768257141,15.026406049728394,178.04056215286255,4507238400000,7512064.0,0.0073963915929198265,0.004939019214361906,0.007429458666592836,0.08452250808477402,mnist
spsa,1,13,235146,0.8970999717712402,0.9060999751091003,0.9023000001907349,14.221927404403687,192.26248955726624,4882841600000,7512064.0,0.008389742113649845,0.006783620920032263,0.00880050752311945,0.07334344834089279,mnist
spsa,1,14,235146,0.8980000019073486,0.907800018787384,0.9045000076293945,14.660959959030151,206.9234495162964,5258444800000,7512064.0,0.013032576069235802,0.00870750192552805,0.02152402140200138,0.08546458184719086,mnist
spsa,1,15,235146,0.8988999724388123,0.9093999862670898,0.9049999713897705,14.563472986221313,221.4869225025177,5634048000000,7512064.0,0.010475821793079376,0.005467449314892292,0.019102677702903748,0.07869040220975876,mnist
spsa,1,16,235146,0.9003000259399414,0.909500002861023,0.9054999947547913,15.112013816833496,236.5989363193512,6009651200000,7512064.0,0.007910346612334251,0.005482305306941271,0.0037536663003265858,0.10105881839990616,mnist
spsa,1,17,235146,0.9003999829292297,0.9103999733924866,0.9059000015258789,14.253051519393921,250.85198783874512,6385254400000,7512064.0,0.009676970541477203,0.005587986204773188,0.01973101496696472,0.05664637312293053,mnist
spsa,1,18,235146,0.9010999798774719,0.9107999801635742,0.9067000150680542,14.784787654876709,265.6367754936218,6760857600000,7512064.0,0.008722237311303616,0.0046486565843224525,0.01224288996309042,0.10060993582010269,mnist
spsa,1,19,235146,0.9016000032424927,0.9110000133514404,0.9067999720573425,14.951340913772583,280.5881164073944,7136460800000,7512064.0,0.008402061648666859,0.008504527620971203,0.012877735309302807,0.011457674205303192,mnist
spsa,1,20,235146,0.9017000198364258,0.9110000133514404,0.9067999720573425,14.495579957962036,295.08369636535645,7512064000000,7512064.0,0.005803018342703581,0.003823148086667061,0.006650499068200588,0.05547760799527168,mnist
spsa,2,0,235146,0.08720000088214874,0.08420000225305557,0.09120000153779984,0.0,0.0,0,0.0,0.006966427434235811,0.006003277841955423,0.00865528266876936,0.0254218652844429,mnist
spsa,2,1,235146,0.6793000102043152,0.7049000263214111,0.6883000135421753,14.671225309371948,14.671225309371948,375603200000,7512064.0,0.010327127762138844,0.009164709597826004,0.009006120264530182,0.05143271014094353,mnist
spsa,2,2,235146,0.7973999977111816,0.8269000053405762,0.8116000294685364,14.566469192504883,29.23769450187683,751206400000,7512064.0,0.006813291925936937,0.0048050773330032825,0.005125545430928469,0.07701953500509262,mnist
spsa,2,3,235146,0.8400999903678894,0.8626000285148621,0.850600004196167,14.367262363433838,43.60495686531067,1126809600000,7512064.0,0.009100154042243958,0.005360208451747894,0.013391472399234772,0.08786498755216599,mnist
spsa,2,4,235146,0.8549000024795532,0.878600001335144,0.8690000176429749,14.461876392364502,58.06683325767517,1502412800000,7512064.0,0.00951558817178011,0.0063041443936526775,0.006113449111580849,0.11667430400848389,mnist
spsa,2,5,235146,0.8711000084877014,0.8888999819755554,0.879800021648407,14.88849925994873,72.9553325176239,1878016000000,7512064.0,0.007413283921778202,0.004926570225507021,0.007245073560625315,0.08610799163579941,mnist
spsa,2,6,235146,0.8795999884605408,0.892300009727478,0.8847000002861023,14.675344705581665,87.63067722320557,2253619200000,7512064.0,0.010382705368101597,0.00884618517011404,0.011095311492681503,0.07043886929750443,mnist
spsa,2,7,235146,0.8827000260353088,0.8955000042915344,0.891700029373169,14.420085668563843,102.05076289176941,2629222400000,7512064.0,0.008927196264266968,0.0071512870490550995,0.01841595396399498,0.005297345109283924,mnist
spsa,2,8,235146,0.8884000182151794,0.902899980545044,0.895799994468689,14.479211568832397,116.5299744606018,3004825600000,7512064.0,0.005910757929086685,0.003411431098356843,0.00826982781291008,0.05873943492770195,mnist
spsa,2,9,235146,0.890500009059906,0.9041000008583069,0.8992999792098999,14.686022520065308,131.21599698066711,3380428800000,7512064.0,0.01031945925205946,0.005321542266756296,0.02535216696560383,0.04909028857946396,mnist
spsa,2,10,235146,0.8913999795913696,0.9060999751091003,0.9017999768257141,14.432662725448608,145.64865970611572,3756032000000,7512064.0,0.010692889802157879,0.010254071094095707,0.02015971951186657,0.0037283957935869694,mnist
spsa,2,11,235146,0.8959000110626221,0.907800018787384,0.9031999707221985,14.70599889755249,160.3546586036682,4131635200000,7512064.0,0.005801488645374775,0.004439233336597681,0.01003446988761425,0.03637850284576416,mnist
spsa,2,12,235146,0.8956999778747559,0.9085999727249146,0.9038000106811523,15.055901527404785,175.410560131073,4507238400000,7512064.0,0.010198474861681461,0.005380367394536734,0.01738162524998188,0.07547593116760254,mnist
spsa,2,13,235146,0.8984000086784363,0.909500002861023,0.9063000082969666,15.024593591690063,190.43515372276306,4882841600000,7512064.0,0.007319281809031963,0.005160870961844921,0.005314100068062544,0.07202965766191483,mnist
spsa,2,14,235146,0.8981999754905701,0.9093999862670898,0.9067999720573425,14.954420566558838,205.3895742893219,5258444800000,7512064.0,0.00983378291130066,0.007920868694782257,0.008182206191122532,0.0792660117149353,mnist
spsa,2,15,235146,0.9010000228881836,0.9103999733924866,0.9067000150680542,14.100224733352661,219.48979902267456,5634048000000,7512064.0,0.0077973660081624985,0.0015632942086085677,0.017589284107089043,0.0839727371931076,mnist
spsa,2,16,235146,0.9014999866485596,0.9103999733924866,0.9071000218391418,14.606822729110718,234.09662175178528,6009651200000,7512064.0,0.0066778576001524925,0.0028322285506874323,0.01646965928375721,0.034666817635297775,mnist
spsa,2,17,235146,0.9024999737739563,0.9114000201225281,0.9089999794960022,14.89536166191101,248.9919834136963,6385254400000,7512064.0,0.007490675430744886,0.005132210440933704,0.015333511866629124,0.042851969599723816,mnist
spsa,2,18,235146,0.9031000137329102,0.9120000004768372,0.9088000059127808,14.406636714935303,263.3986201286316,6760857600000,7512064.0,0.007030003238469362,0.005974165629595518,0.013335293158888817,0.010585891082882881,mnist
spsa,2,19,235146,0.9031999707221985,0.9117000102996826,0.9088000059127808,15.071628093719482,278.4702482223511,7136460800000,7512064.0,0.00804231408983469,0.007095500826835632,0.010635780170559883,0.03167065232992172,mnist
spsa,2,20,235146,0.902899980545044,0.9118000268936157,0.9089000225067139,15.371137857437134,293.8413860797882,7512064000000,7512064.0,0.00579705648124218,0.004160902928560972,0.008801662363111973,0.045398734509944916,mnist
