width,d,k,seed,cos,rel_norm
16,13002,1,0,0.009588103741407394,127.38004302978516
16,13002,1,1,0.01441345363855362,187.20187377929688
16,13002,1,2,0.004955017473548651,59.194557189941406
16,13002,4,0,0.020590055733919144,67.13311767578125
16,13002,4,1,0.022630935534834862,73.2160415649414
16,13002,4,2,0.028302814811468124,90.15728759765625
16,13002,16,0,0.028553443029522896,23.6400203704834
16,13002,16,1,0.04103044793009758,32.75347900390625
16,13002,16,2,0.03769958019256592,30.14560317993164
16,13002,64,0,0.06892091780900955,14.017535209655762
16,13002,64,1,0.078434057533741,15.898682594299316
16,13002,64,2,0.07475834339857101,15.045697212219238
16,13002,256,0,0.14041085541248322,7.350683689117432
16,13002,256,1,0.14347539842128754,7.518064975738525
16,13002,256,2,0.14266930520534515,7.315517425537109
32,26506,1,0,0.011977659538388252,332.8056335449219
32,26506,1,1,0.00821287464350462,214.358154296875
32,26506,1,2,0.0018201832426711917,51.6988639831543
32,26506,4,0,0.021200180053710938,139.8800048828125
32,26506,4,1,0.009860623627901077,64.1321792602539
32,26506,4,2,0.00502660870552063,33.45672607421875
32,26506,16,0,0.027898920699954033,46.10456085205078
32,26506,16,1,0.02151607535779476,35.39352798461914
32,26506,16,2,0.01399836502969265,23.25783920288086
32,26506,64,0,0.04528047516942024,18.838239669799805
32,26506,64,1,0.05156375467777252,21.10386085510254
32,26506,64,2,0.04921763762831688,20.46438980102539
32,26506,256,0,0.10209595412015915,10.535003662109375
32,26506,256,1,0.10157287865877151,10.694406509399414
32,26506,256,2,0.10198375582695007,10.68669319152832
64,55050,1,0,0.003662851871922612,201.4486846923828
64,55050,1,1,0.004204572178423405,229.4920196533203
64,55050,1,2,0.007351923268288374,400.6454772949219
64,55050,4,0,0.006629915442317724,89.16332244873047
64,55050,4,1,0.005389365367591381,72.82260131835938
64,55050,4,2,0.012925723567605019,174.56280517578125
64,55050,16,0,0.014603710733354092,51.33819580078125
64,55050,16,1,0.021736515685915947,74.76029968261719
64,55050,16,2,0.017893241718411446,60.35550308227539
64,55050,64,0,0.031253475695848465,27.251962661743164
64,55050,64,1,0.035723086446523666,30.73805809020996
64,55050,64,2,0.03643805906176567,31.11130142211914
64,55050,256,0,0.06954613327980042,15.117897987365723
64,55050,256,1,0.07017767429351807,15.219060897827148
64,55050,256,2,0.06685157120227814,14.33084774017334
128,118282,1,0,0.0027068357449024916,315.6460876464844
128,118282,1,1,0.006085334345698357,716.3541870117188
128,118282,1,2,0.004105334170162678,472.7552795410156
128,118282,4,0,0.006177580915391445,182.696533203125
128,118282,4,1,0.007086325436830521,210.7101593017578
128,118282,4,2,0.006110187154263258,180.988037109375
128,118282,16,0,0.012113532051444054,89.30601501464844
128,118282,16,1,0.012508955784142017,93.36863708496094
128,118282,16,2,0.011328654363751411,84.06765747070312
128,118282,64,0,0.0248746145516634,45.903289794921875
128,118282,64,1,0.023698996752500534,44.094669342041016
128,118282,64,2,0.0215592198073864,39.75175094604492
128,118282,256,0,0.04854327440261841,22.454959869384766
128,118282,256,1,0.04584905505180359,21.3973331451416
128,118282,256,2,0.04386429116129875,20.37128448486328
