method,trial,val_acc,lr,alpha,sigma,fb_lr_mult,theta,label_scale,beta,init_scale,T_free,T_nudge,opt,eps,k,momentum,clip_norm
bp,0,0.9595999717712402,0.0004999860267533,,,,,,,,,,,,,,
bp,1,0.9710999727249146,0.001478835680882,,,,,,,,,,,,,,
bp,2,0.9747999906539916,0.0044764272370624,,,,,,,,,,,,,,
bp,3,0.9751999974250792,0.0035606751410413,,,,,,,,,,,,,,
bp,4,0.9742000102996826,0.0039066636100812,,,,,,,,,,,,,,
bp,5,0.9707000255584716,0.0013718643593361,,,,,,,,,,,,,,
bp,6,0.9746999740600586,0.0049596999633784,,,,,,,,,,,,,,
bp,7,0.972599983215332,0.0019438622795619,,,,,,,,,,,,,,
bp,8,0.9569000005722046,0.0003973613612688,,,,,,,,,,,,,,
bp,9,0.9711999893188475,0.0014841286406892,,,,,,,,,,,,,,
fa,0,0.8925999999046326,0.0004999860267533,,,,,,,,,,,,,,
fa,1,0.917900025844574,0.001478835680882,,,,,,,,,,,,,,
fa,2,0.9325000047683716,0.0044764272370624,,,,,,,,,,,,,,
fa,3,0.9307000041007996,0.0035606751410413,,,,,,,,,,,,,,
fa,4,0.9290000200271606,0.0039066636100812,,,,,,,,,,,,,,
fa,5,0.9186000227928162,0.0013718643593361,,,,,,,,,,,,,,
fa,6,0.9265000224113464,0.0049596999633784,,,,,,,,,,,,,,
fa,7,0.9286999702453612,0.0019438622795619,,,,,,,,,,,,,,
fa,8,0.892799973487854,0.0003973613612688,,,,,,,,,,,,,,
fa,9,0.9251999855041504,0.0014841286406892,,,,,,,,,,,,,,
dfa,0,0.902999997138977,0.0004999860267533,,,,,,,,,,,,,,
dfa,1,0.920199990272522,0.001478835680882,,,,,,,,,,,,,,
dfa,2,0.9300000071525574,0.0044764272370624,,,,,,,,,,,,,,
dfa,3,0.930899977684021,0.0035606751410413,,,,,,,,,,,,,,
dfa,4,0.9307000041007996,0.0039066636100812,,,,,,,,,,,,,,
dfa,5,0.9215999841690063,0.0013718643593361,,,,,,,,,,,,,,
dfa,6,0.9312999844551086,0.0049596999633784,,,,,,,,,,,,,,
dfa,7,0.930999994277954,0.0019438622795619,,,,,,,,,,,,,,
dfa,8,0.8956000208854675,0.0003973613612688,,,,,,,,,,,,,,
dfa,9,0.9253000020980836,0.0014841286406892,,,,,,,,,,,,,,
dtp,0,0.9348999857902528,0.0004999860267533,1.0,0.05,3.0,,,,,,,,,,,
dtp,1,0.9652000069618224,0.0039066636100812,1.0,0.2,1.0,,,,,,,,,,,
dtp,2,0.9617999792099,0.0019438622795619,0.03,0.2,3.0,,,,,,,,,,,
dtp,3,0.944000005722046,0.0007555659958459,0.1,0.1,1.0,,,,,,,,,,,
dtp,4,0.948300004005432,0.0008877873813975,0.1,0.05,1.0,,,,,,,,,,,
dtp,5,0.9386000037193298,0.0005812037944655,0.3,0.1,3.0,,,,,,,,,,,
dtp,6,0.967199981212616,0.0087929456086613,0.1,0.1,3.0,,,,,,,,,,,
dtp,7,0.959500014781952,0.0021034277584456,1.0,0.05,1.0,,,,,,,,,,,
dtp,8,0.9368000030517578,0.0005652302129355,1.0,0.05,1.0,,,,,,,,,,,
dtp,9,0.9391000270843506,0.0005895078806508,0.03,0.2,1.0,,,,,,,,,,,
ff,0,0.902400016784668,0.0006992609235243,,,,2.0,1.0,,,,,,,,,
ff,1,0.9151999950408936,0.0025379509901609,,,,3.0,2.0,,,,,,,,,
ff,2,0.8738999962806702,0.0013567019188077,,,,1.0,1.0,,,,,,,,,
ff,3,0.9031000137329102,0.0006013450127654,,,,2.0,2.0,,,,,,,,,
ff,4,0.8970999717712402,0.0005582870071965,,,,3.0,1.0,,,,,,,,,
ff,5,0.9057999849319458,0.0010822330193098,,,,2.0,1.0,,,,,,,,,
ff,6,0.8776000142097473,0.004569096991723,,,,1.0,1.0,,,,,,,,,
ff,7,0.9018999934196472,0.0039068294391833,,,,2.0,2.0,,,,,,,,,
ff,8,0.869700014591217,0.004595002881194,,,,1.0,2.0,,,,,,,,,
ff,9,0.9205999970436096,0.0045192945768247,,,,3.0,2.0,,,,,,,,,
eqprop,0,0.9585999846458436,0.0004195565541146,,,,,,0.5,0.35,30.0,10.0,,,,,
eqprop,1,0.9648000001907348,0.0015227705940965,,,,,,0.75,0.5,30.0,10.0,,,,,
eqprop,2,0.6862999796867371,0.0008140211512846,,,,,,0.25,0.7,30.0,10.0,,,,,
eqprop,3,0.9616000056266784,0.0003966734319181,,,,,,0.75,0.5,30.0,10.0,,,,,
eqprop,4,0.9575999975204468,0.00055022155194,,,,,,0.75,0.7,30.0,10.0,,,,,
eqprop,5,0.9697999954223632,0.0026558238136691,,,,,,0.5,0.35,30.0,10.0,,,,,
eqprop,6,0.9650999903678894,0.0006116840889904,,,,,,0.25,0.35,30.0,10.0,,,,,
eqprop,7,0.9650999903678894,0.0004149086918647,,,,,,0.5,0.5,30.0,10.0,,,,,
eqprop,8,0.9721999764442444,0.0012689452777969,,,,,,0.25,0.5,30.0,10.0,,,,,
eqprop,9,0.9575999975204468,0.0027115767460948,,,,,,0.75,0.5,30.0,10.0,,,,,
spsa,0,0.12720000743865967,0.00015471059997228717,,,,,,,,,,sgd,0.03,16,0.5,30.0
spsa,1,0.15150000154972076,0.0002851137433328815,,,,,,,,,,sgd,0.01,16,0.5,30.0
spsa,2,0.6177999973297119,0.0003919216617103816,,,,,,,,,,sgd,0.03,16,0.5,0.0
spsa,3,0.5238000154495239,0.0002526657612543663,,,,,,,,,,sgd,0.01,16,0.5,0.0
spsa,4,0.6658999919891357,0.001450876403818305,,,,,,,,,,sgd,0.01,16,0.9,10.0
spsa,5,0.8621000051498413,0.0017535397676308807,,,,,,,,,,sgd,0.01,16,0.9,30.0
spsa,6,0.7415000200271606,0.000677096374068338,,,,,,,,,,sgd,0.03,16,0.5,0.0
spsa,7,0.8170999884605408,0.0010147232590238722,,,,,,,,,,sgd,0.01,16,0.5,0.0
